team_id,year,distance_round1,distance_round2,distance_round3,distance_round4,distance_round5,distance_round6,fixture_id,foreigners,mean_age,team_better_round1,team_better_round2,team_better_round3,team_better_round4,team_better_round5,team_better_round6,team_home_round1,team_home_round2,team_home_round3,team_home_round4,team_home_round5,team_home_round6,team_name,team_rank,team_size,team_win_round1,team_win_round2,team_win_round3,team_win_round4,team_win_round5,team_win_round6,total_value
157,2012,100.0,0.0,52.0,0.0,0.0,0.0,559997,13.0,25.3,1.0,1.0,1.0,0.0,1.0,1.0,0.0,1.0,0.0,1.0,1.0,1.0,Bayern Munich,1.0,29.0,1.0,1.0,1.0,1.0,1.0,1.0,462.4
157,2013,539.0,0.0,52.0,35.0,0.0,395.0,559934,16.0,24.8,1.0,1.0,1.0,1.0,1.0,1.0,0.0,1.0,0.0,0.0,1.0,0.0,Bayern Munich,1.0,33.0,1.0,1.0,1.0,1.0,1.0,1.0,556.88
157,2014,502.0,35.0,0.0,456.0,0.0,0.0,559860,17.0,25.5,1.0,1.0,1.0,1.0,1.0,0.0,0.0,0.0,1.0,0.0,1.0,0.0,Bayern Munich,1.0,33.0,1.0,1.0,1.0,1.0,0.0,0.0,575.13
157,2015,234.0,476.0,0.0,482.0,0.0,0.0,559799,19.0,25.9,1.0,1.0,1.0,1.0,1.0,1.0,0.0,0.0,1.0,0.0,1.0,1.0,Bayern Munich,1.0,34.0,1.0,1.0,1.0,1.0,1.0,1.0,596.05
157,2016,306.0,0.0,0.0,0.0,0.0,0.0,57364,19.0,26.1,1.0,1.0,1.0,1.0,1.0,0.0,0.0,1.0,1.0,1.0,1.0,0.0,Bayern Munich,1.0,33.0,1.0,1.0,1.0,1.0,0.0,0.0,562.55
157,2017,370.0,357.0,0.0,443.0,456.0,0.0,57450,19.0,24.7,1.0,1.0,1.0,1.0,1.0,1.0,0.0,0.0,1.0,0.0,0.0,1.0,Bayern Munich,1.0,38.0,1.0,1.0,1.0,1.0,1.0,0.0,811.85
157,2018,633.0,501.0,498.0,0.0,576.0,357.0,113989,15.0,25.7,1.0,1.0,1.0,1.0,1.0,1.0,0.0,0.0,0.0,1.0,0.0,0.0,Bayern Munich,1.0,32.0,1.0,1.0,1.0,1.0,1.0,1.0,784.88
157,2019,446.0,482.0,0.0,495.0,0.0,456.0,564163,21.0,23.7,1.0,1.0,1.0,1.0,1.0,1.0,0.0,0.0,1.0,0.0,1.0,0.0,Bayern Munich,1.0,38.0,1.0,1.0,1.0,1.0,1.0,1.0,777.33
157,2020,469.0,691.0,0.0,0.0,0.0,0.0,646338,22.0,23.9,1.0,1.0,0.0,0.0,0.0,0.0,0.0,0.0,0.0,0.0,0.0,0.0,Bayern Munich,1.0,45.0,1.0,0.0,0.0,0.0,0.0,0.0,858.23
157,2021,579.0,496.0,0.0,0.0,0.0,0.0,788043,20.0,24.7,1.0,1.0,0.0,0.0,0.0,0.0,0.0,0.0,0.0,0.0,0.0,0.0,Bayern Munich,1.0,38.0,1.0,0.0,0.0,0.0,0.0,0.0,790.33
157,2022,445.0,52.0,314.0,0.0,0.0,0.0,1008961,22.0,25.3,1.0,1.0,1.0,1.0,0.0,0.0,0.0,0.0,0.0,1.0,0.0,0.0,Bayern Munich,1.0,35.0,1.0,1.0,1.0,0.0,0.0,0.0,948.95
158,2012,550.0,0.0,186.0,0.0,0.0,0.0,559992,20.0,25.7,1.0,0.0,1.0,0.0,0.0,0.0,0.0,1.0,0.0,0.0,0.0,0.0,Fortuna Dusseldorf,17.0,35.0,1.0,1.0,0.0,0.0,0.0,0.0,31.15
158,2013,124.0,0.0,0.0,0.0,0.0,0.0,559924,23.0,24.7,1.0,0.0,0.0,0.0,0.0,0.0,0.0,0.0,0.0,0.0,0.0,0.0,Fortuna Dusseldorf,24.0,37.0,0.0,0.0,0.0,0.0,0.0,0.0,24.33
158,2014,273.0,0.0,0.0,0.0,0.0,0.0,559864,12.0,25.3,1.0,0.0,0.0,0.0,0.0,0.0,0.0,0.0,0.0,0.0,0.0,0.0,Fortuna Dusseldorf,28.0,30.0,0.0,0.0,0.0,0.0,0.0,0.0,21.58
158,2015,31.0,366.0,0.0,0.0,0.0,0.0,559796,16.0,25.6,1.0,0.0,0.0,0.0,0.0,0.0,0.0,0.0,0.0,0.0,0.0,0.0,Fortuna Dusseldorf,32.0,34.0,1.0,0.0,0.0,0.0,0.0,0.0,18.3
158,2016,478.0,238.0,0.0,0.0,0.0,0.0,57398,15.0,24.5,1.0,0.0,0.0,0.0,0.0,0.0,0.0,0.0,0.0,0.0,0.0,0.0,Fortuna Dusseldorf,29.0,32.0,1.0,0.0,0.0,0.0,0.0,0.0,15.23
158,2017,151.0,0.0,0.0,0.0,0.0,0.0,57447,15.0,25.5,1.0,0.0,0.0,0.0,0.0,0.0,0.0,1.0,0.0,0.0,0.0,0.0,Fortuna Dusseldorf,19.0,32.0,1.0,0.0,0.0,0.0,0.0,0.0,37.28
158,2018,111.0,389.0,41.0,0.0,0.0,0.0,57516,17.0,26.3,1.0,1.0,0.0,0.0,0.0,0.0,0.0,0.0,0.0,0.0,0.0,0.0,Fortuna Dusseldorf,10.0,34.0,1.0,1.0,0.0,0.0,0.0,0.0,94.9
158,2019,371.0,0.0,209.0,222.0,0.0,0.0,324067,17.0,26.2,1.0,1.0,1.0,1.0,0.0,0.0,0.0,1.0,0.0,0.0,0.0,0.0,Fortuna Dusseldorf,17.0,37.0,1.0,1.0,1.0,0.0,0.0,0.0,71.73
158,2020,429.0,31.0,0.0,0.0,0.0,0.0,646345,16.0,25.4,1.0,1.0,0.0,0.0,0.0,0.0,0.0,0.0,0.0,0.0,0.0,0.0,Fortuna Dusseldorf,23.0,36.0,1.0,0.0,0.0,0.0,0.0,0.0,35.93
158,2021,235.0,238.0,0.0,0.0,0.0,0.0,788041,17.0,25.2,1.0,1.0,0.0,0.0,0.0,0.0,0.0,0.0,0.0,0.0,0.0,0.0,Fortuna Dusseldorf,28.0,40.0,1.0,0.0,0.0,0.0,0.0,0.0,27.28
158,2022,186.0,450.0,366.0,0.0,0.0,0.0,968261,15.0,25.5,1.0,1.0,1.0,0.0,0.0,0.0,0.0,0.0,0.0,0.0,0.0,0.0,Fortuna Dusseldorf,22.0,33.0,1.0,1.0,0.0,0.0,0.0,0.0,29.3
160,2012,636.0,514.0,121.0,225.0,133.0,0.0,559971,15.0,24.1,1.0,1.0,1.0,1.0,1.0,0.0,0.0,0.0,0.0,0.0,0.0,0.0,SC Freiburg,5.0,32.0,1.0,1.0,1.0,1.0,0.0,0.0,65.8
160,2013,700.0,0.0,0.0,0.0,0.0,0.0,559911,16.0,23.7,1.0,0.0,0.0,0.0,0.0,0.0,0.0,1.0,1.0,0.0,0.0,0.0,SC Freiburg,14.0,35.0,1.0,1.0,0.0,0.0,0.0,0.0,71.68
160,2014,218.0,274.0,0.0,536.0,0.0,0.0,559862,13.0,25.1,1.0,1.0,1.0,0.0,0.0,0.0,0.0,0.0,1.0,0.0,0.0,0.0,SC Freiburg,17.0,30.0,1.0,1.0,1.0,0.0,0.0,0.0,57.4
160,2015,639.0,0.0,0.0,0.0,0.0,0.0,559792,12.0,23.8,1.0,0.0,0.0,0.0,0.0,0.0,0.0,1.0,0.0,0.0,0.0,0.0,SC Freiburg,19.0,34.0,1.0,0.0,0.0,0.0,0.0,0.0,32.8
160,2016,615.0,0.0,0.0,0.0,0.0,0.0,57378,14.0,25.0,1.0,1.0,0.0,0.0,0.0,0.0,0.0,1.0,0.0,0.0,0.0,0.0,SC Freiburg,7.0,36.0,1.0,0.0,0.0,0.0,0.0,0.0,86.73
160,2017,490.0,0.0,569.0,0.0,0.0,0.0,57452,14.0,25.5,1.0,1.0,0.0,0.0,0.0,0.0,0.0,1.0,0.0,0.0,0.0,0.0,SC Freiburg,15.0,36.0,1.0,1.0,0.0,0.0,0.0,0.0,100.6
160,2018,624.0,723.0,0.0,0.0,0.0,0.0,57480,8.0,25.0,1.0,1.0,0.0,0.0,0.0,0.0,0.0,0.0,0.0,0.0,0.0,0.0,SC Freiburg,13.0,34.0,1.0,0.0,0.0,0.0,0.0,0.0,122.1
160,2019,533.0,0.0,0.0,0.0,0.0,0.0,238923,10.0,25.8,1.0,1.0,0.0,0.0,0.0,0.0,0.0,1.0,0.0,0.0,0.0,0.0,SC Freiburg,8.0,30.0,1.0,0.0,0.0,0.0,0.0,0.0,122.65
160,2020,176.0,133.0,0.0,0.0,0.0,0.0,646330,13.0,25.2,1.0,1.0,0.0,0.0,0.0,0.0,0.0,0.0,0.0,0.0,0.0,0.0,SC Freiburg,10.0,30.0,1.0,0.0,0.0,0.0,0.0,0.0,139.1
160,2021,250.0,477.0,159.0,394.0,307.0,0.0,858630,12.0,25.0,1.0,1.0,1.0,1.0,1.0,0.0,0.0,0.0,0.0,0.0,0.0,1.0,SC Freiburg,6.0,32.0,1.0,1.0,1.0,1.0,1.0,0.0,176.35
160,2022,162.0,0.0,159.0,272.0,0.0,0.0,1021522,11.0,26.0,1.0,1.0,1.0,0.0,0.0,0.0,0.0,1.0,0.0,0.0,1.0,0.0,SC Freiburg,5.0,29.0,1.0,1.0,1.0,1.0,0.0,0.0,200.95
161,2012,141.0,0.0,0.0,296.0,476.0,0.0,559979,26.0,25.8,1.0,1.0,0.0,1.0,0.0,0.0,0.0,1.0,1.0,0.0,0.0,0.0,VfL Wolfsburg,11.0,36.0,1.0,1.0,1.0,1.0,0.0,0.0,109.0
161,2013,416.0,0.0,0.0,378.0,186.0,0.0,559917,24.0,25.1,1.0,1.0,1.0,1.0,0.0,0.0,0.0,1.0,1.0,0.0,0.0,0.0,VfL Wolfsburg,5.0,36.0,1.0,1.0,1.0,1.0,0.0,0.0,155.23
161,2014,322.0,0.0,161.0,0.0,159.0,186.0,559867,18.0,25.9,1.0,1.0,1.0,1.0,1.0,0.0,0.0,1.0,0.0,1.0,0.0,0.0,VfL Wolfsburg,2.0,30.0,1.0,1.0,1.0,1.0,1.0,1.0,221.05
161,2015,428.0,0.0,0.0,0.0,0.0,0.0,559782,19.0,25.5,1.0,0.0,0.0,0.0,0.0,0.0,0.0,1.0,0.0,0.0,0.0,0.0,VfL Wolfsburg,8.0,35.0,1.0,0.0,0.0,0.0,0.0,0.0,270.43
161,2016,295.0,422.0,476.0,0.0,0.0,0.0,57396,21.0,24.5,1.0,1.0,0.0,0.0,0.0,0.0,0.0,0.0,0.0,0.0,0.0,0.0,VfL Wolfsburg,16.0,43.0,1.0,1.0,0.0,0.0,0.0,0.0,203.08
161,2017,149.0,0.0,334.0,275.0,0.0,0.0,57438,20.0,24.3,1.0,1.0,1.0,0.0,0.0,0.0,0.0,1.0,0.0,0.0,0.0,0.0,VfL Wolfsburg,16.0,33.0,1.0,1.0,1.0,0.0,0.0,0.0,143.6
161,2018,433.0,73.0,161.0,0.0,0.0,0.0,57515,23.0,25.1,1.0,1.0,0.0,0.0,0.0,0.0,0.0,0.0,0.0,0.0,0.0,0.0,VfL Wolfsburg,6.0,36.0,1.0,1.0,0.0,0.0,0.0,0.0,229.25
161,2019,134.0,0.0,0.0,0.0,0.0,0.0,238929,24.0,24.7,1.0,0.0,0.0,0.0,0.0,0.0,0.0,1.0,0.0,0.0,0.0,0.0,VfL Wolfsburg,7.0,38.0,1.0,0.0,0.0,0.0,0.0,0.0,207.6
161,2020,282.0,0.0,0.0,161.0,0.0,0.0,675017,20.0,26.0,1.0,1.0,1.0,0.0,0.0,0.0,0.0,1.0,1.0,0.0,0.0,0.0,VfL Wolfsburg,4.0,30.0,1.0,1.0,1.0,0.0,0.0,0.0,256.83
161,2021,225.0,,0.0,0.0,0.0,0.0,723366,24.0,25.3,1.0,,0.0,0.0,0.0,0.0,0.0,,0.0,0.0,0.0,0.0,VfL Wolfsburg,12.0,37.0,1.0,0.0,0.0,0.0,0.0,0.0,269.3
161,2022,176.0,25.0,188.0,0.0,0.0,0.0,968256,20.0,24.7,1.0,1.0,0.0,0.0,0.0,0.0,0.0,0.0,0.0,0.0,0.0,0.0,VfL Wolfsburg,8.0,33.0,1.0,1.0,0.0,0.0,0.0,0.0,238.3
163,2012,52.0,27.0,0.0,0.0,0.0,0.0,559975,14.0,24.3,1.0,1.0,0.0,0.0,0.0,0.0,0.0,0.0,0.0,0.0,0.0,0.0,Borussia Monchengladbach,8.0,29.0,1.0,0.0,0.0,0.0,0.0,0.0,87.33
163,2013,213.0,0.0,0.0,0.0,0.0,0.0,559920,15.0,25.0,1.0,0.0,0.0,0.0,0.0,0.0,0.0,0.0,0.0,0.0,0.0,0.0,Borussia Monchengladbach,6.0,28.0,0.0,0.0,0.0,0.0,0.0,0.0,111.38
163,2014,216.0,199.0,203.0,175.0,0.0,0.0,559845,15.0,25.9,1.0,1.0,1.0,1.0,0.0,0.0,0.0,0.0,0.0,0.0,0.0,0.0,Borussia Monchengladbach,3.0,27.0,1.0,1.0,1.0,0.0,0.0,0.0,130.63
163,2015,357.0,60.0,0.0,0.0,0.0,0.0,559806,18.0,25.4,1.0,1.0,1.0,0.0,0.0,0.0,0.0,0.0,1.0,0.0,0.0,0.0,Borussia Monchengladbach,4.0,29.0,1.0,1.0,0.0,0.0,0.0,0.0,186.15
163,2016,345.0,0.0,373.0,519.0,0.0,0.0,57372,17.0,24.4,1.0,1.0,1.0,1.0,1.0,0.0,0.0,1.0,0.0,0.0,1.0,0.0,Borussia Monchengladbach,9.0,33.0,1.0,1.0,1.0,1.0,0.0,0.0,162.18
163,2017,54.0,27.0,0.0,0.0,0.0,0.0,57460,19.0,24.6,1.0,1.0,1.0,0.0,0.0,0.0,0.0,0.0,1.0,0.0,0.0,0.0,Borussia Monchengladbach,9.0,35.0,1.0,1.0,0.0,0.0,0.0,0.0,193.25
163,2018,268.0,0.0,0.0,0.0,0.0,0.0,57482,16.0,25.2,1.0,0.0,0.0,0.0,0.0,0.0,0.0,1.0,0.0,0.0,0.0,0.0,Borussia Monchengladbach,5.0,30.0,1.0,0.0,0.0,0.0,0.0,0.0,264.3
163,2019,258.0,169.0,0.0,0.0,0.0,0.0,238927,18.0,25.8,1.0,0.0,0.0,0.0,0.0,0.0,0.0,0.0,0.0,0.0,0.0,0.0,Borussia Monchengladbach,4.0,34.0,1.0,0.0,0.0,0.0,0.0,0.0,254.7
163,2020,273.0,213.0,330.0,0.0,0.0,0.0,675014,19.0,25.7,1.0,1.0,1.0,0.0,0.0,0.0,0.0,0.0,0.0,1.0,0.0,0.0,Borussia Monchengladbach,8.0,33.0,1.0,1.0,1.0,0.0,0.0,0.0,300.75
163,2021,215.0,0.0,263.0,0.0,0.0,0.0,810121,14.0,25.4,1.0,0.0,1.0,0.0,0.0,0.0,0.0,1.0,0.0,0.0,0.0,0.0,Borussia Monchengladbach,10.0,31.0,1.0,1.0,0.0,0.0,0.0,0.0,236.8
163,2022,308.0,213.0,0.0,0.0,0.0,0.0,958533,16.0,25.4,1.0,1.0,0.0,0.0,0.0,0.0,0.0,0.0,0.0,0.0,0.0,0.0,Borussia Monchengladbach,10.0,35.0,1.0,0.0,0.0,0.0,0.0,0.0,241.68
164,2012,84.0,0.0,192.0,0.0,0.0,0.0,559993,18.0,26.4,1.0,1.0,0.0,0.0,0.0,0.0,0.0,1.0,0.0,1.0,0.0,0.0,FSV Mainz 05,13.0,32.0,1.0,1.0,1.0,0.0,0.0,0.0,52.43
164,2013,137.0,0.0,0.0,0.0,0.0,0.0,559910,16.0,26.6,1.0,1.0,0.0,0.0,0.0,0.0,0.0,1.0,0.0,0.0,0.0,0.0,FSV Mainz 05,7.0,32.0,1.0,0.0,0.0,0.0,0.0,0.0,59.45
164,2014,385.0,0.0,0.0,0.0,0.0,0.0,559840,19.0,24.9,1.0,0.0,0.0,0.0,0.0,0.0,0.0,0.0,0.0,0.0,0.0,0.0,FSV Mainz 05,11.0,36.0,0.0,0.0,0.0,0.0,0.0,0.0,88.0
164,2015,471.0,0.0,0.0,0.0,0.0,0.0,559802,22.0,25.3,1.0,1.0,0.0,0.0,0.0,0.0,0.0,1.0,0.0,0.0,0.0,0.0,FSV Mainz 05,6.0,39.0,1.0,0.0,0.0,0.0,0.0,0.0,85.15
164,2016,327.0,206.0,0.0,0.0,0.0,0.0,57395,23.0,24.3,1.0,1.0,0.0,0.0,0.0,0.0,0.0,0.0,0.0,0.0,0.0,0.0,FSV Mainz 05,15.0,39.0,1.0,0.0,0.0,0.0,0.0,0.0,96.73
164,2017,355.0,0.0,0.0,38.0,0.0,0.0,57454,19.0,25.3,1.0,1.0,1.0,0.0,0.0,0.0,0.0,1.0,1.0,0.0,0.0,0.0,FSV Mainz 05,14.0,33.0,1.0,1.0,1.0,0.0,0.0,0.0,98.35
164,2018,324.0,265.0,0.0,0.0,0.0,0.0,57495,20.0,24.7,1.0,0.0,0.0,0.0,0.0,0.0,0.0,0.0,0.0,0.0,0.0,0.0,FSV Mainz 05,12.0,35.0,1.0,0.0,0.0,0.0,0.0,0.0,159.73
164,2019,71.0,0.0,0.0,0.0,0.0,0.0,169041,19.0,23.9,1.0,0.0,0.0,0.0,0.0,0.0,0.0,0.0,0.0,0.0,0.0,0.0,FSV Mainz 05,13.0,35.0,0.0,0.0,0.0,0.0,0.0,0.0,121.58
164,2020,284.0,0.0,0.0,0.0,0.0,0.0,646337,18.0,24.9,1.0,1.0,0.0,0.0,0.0,0.0,0.0,1.0,0.0,0.0,0.0,0.0,FSV Mainz 05,12.0,36.0,1.0,0.0,0.0,0.0,0.0,0.0,163.3
164,2021,111.0,0.0,182.0,0.0,0.0,0.0,810125,18.0,24.9,1.0,1.0,1.0,0.0,0.0,0.0,0.0,1.0,0.0,0.0,0.0,0.0,FSV Mainz 05,8.0,34.0,1.0,1.0,0.0,0.0,0.0,0.0,131.03
164,2022,324.0,462.0,0.0,0.0,0.0,0.0,968259,17.0,24.7,1.0,1.0,0.0,0.0,0.0,0.0,0.0,0.0,1.0,0.0,0.0,0.0,FSV Mainz 05,9.0,34.0,1.0,1.0,0.0,0.0,0.0,0.0,135.8
165,2012,201.0,285.0,0.0,395.0,0.0,0.0,559970,10.0,24.2,1.0,1.0,1.0,0.0,0.0,0.0,0.0,0.0,1.0,0.0,0.0,0.0,Borussia Dortmund,2.0,31.0,1.0,1.0,1.0,0.0,0.0,0.0,302.3
165,2013,255.0,404.0,264.0,128.0,0.0,0.0,559913,12.0,24.7,1.0,1.0,1.0,1.0,1.0,0.0,0.0,0.0,0.0,0.0,1.0,1.0,Borussia Dortmund,2.0,31.0,1.0,1.0,1.0,1.0,1.0,0.0,326.05
165,2014,284.0,264.0,348.0,0.0,395.0,0.0,559844,19.0,24.7,1.0,1.0,1.0,1.0,0.0,0.0,0.0,0.0,0.0,1.0,0.0,1.0,Borussia Dortmund,7.0,37.0,1.0,1.0,1.0,1.0,1.0,0.0,319.5
165,2015,309.0,0.0,356.0,277.0,331.0,395.0,559793,13.0,24.9,1.0,1.0,1.0,1.0,1.0,0.0,0.0,1.0,0.0,0.0,0.0,0.0,Borussia Dortmund,2.0,30.0,1.0,1.0,1.0,1.0,1.0,0.0,352.95
165,2016,230.0,0.0,0.0,128.0,395.0,128.0,57380,17.0,25.2,1.0,1.0,1.0,1.0,0.0,1.0,0.0,1.0,1.0,0.0,0.0,0.0,Borussia Dortmund,3.0,31.0,1.0,1.0,1.0,1.0,1.0,1.0,390.65
165,2017,395.0,214.0,395.0,0.0,0.0,0.0,57451,20.0,25.0,1.0,1.0,0.0,0.0,0.0,0.0,0.0,0.0,0.0,0.0,0.0,0.0,Borussia Dortmund,4.0,35.0,1.0,1.0,0.0,0.0,0.0,0.0,574.2
165,2018,250.0,0.0,0.0,0.0,0.0,0.0,57512,21.0,24.4,1.0,1.0,1.0,0.0,0.0,0.0,0.0,1.0,1.0,0.0,0.0,0.0,Borussia Dortmund,2.0,34.0,1.0,1.0,0.0,0.0,0.0,0.0,643.25
165,2019,154.0,0.0,199.0,0.0,0.0,0.0,250169,21.0,24.5,1.0,1.0,1.0,0.0,0.0,0.0,0.0,1.0,0.0,0.0,0.0,0.0,Borussia Dortmund,2.0,37.0,1.0,1.0,0.0,0.0,0.0,0.0,654.05
165,2020,148.0,160.0,0.0,169.0,0.0,243.0,700980,17.0,25.0,1.0,1.0,1.0,1.0,1.0,0.0,0.0,0.0,1.0,0.0,1.0,0.0,Borussia Dortmund,3.0,32.0,1.0,1.0,1.0,1.0,1.0,1.0,628.4
165,2021,141.0,0.0,264.0,0.0,0.0,0.0,810119,25.0,23.9,1.0,1.0,1.0,0.0,0.0,0.0,0.0,1.0,0.0,0.0,0.0,0.0,Borussia Dortmund,2.0,44.0,1.0,1.0,0.0,0.0,0.0,0.0,558.98
165,2022,404.0,136.0,116.0,243.0,0.0,0.0,1008958,19.0,24.6,1.0,1.0,1.0,1.0,0.0,0.0,0.0,0.0,0.0,0.0,0.0,0.0,Borussia Dortmund,2.0,37.0,1.0,1.0,1.0,0.0,0.0,0.0,567.55
166,2012,392.0,0.0,136.0,0.0,0.0,0.0,559981,20.0,25.6,1.0,1.0,0.0,0.0,0.0,0.0,0.0,1.0,0.0,0.0,0.0,0.0,Hannover 96,9.0,35.0,1.0,1.0,0.0,0.0,0.0,0.0,83.15
166,2013,248.0,484.0,0.0,0.0,0.0,0.0,559922,20.0,25.2,1.0,0.0,0.0,0.0,0.0,0.0,0.0,0.0,0.0,0.0,0.0,0.0,Hannover 96,10.0,36.0,1.0,0.0,0.0,0.0,0.0,0.0,80.23
166,2014,349.0,394.0,0.0,0.0,0.0,0.0,559847,16.0,25.6,1.0,1.0,0.0,0.0,0.0,0.0,0.0,0.0,0.0,0.0,0.0,0.0,Hannover 96,13.0,35.0,1.0,0.0,0.0,0.0,0.0,0.0,76.65
166,2015,119.0,287.0,0.0,0.0,0.0,0.0,559801,21.0,24.5,1.0,1.0,0.0,0.0,0.0,0.0,0.0,0.0,0.0,0.0,0.0,0.0,Hannover 96,18.0,39.0,1.0,0.0,0.0,0.0,0.0,0.0,60.83
166,2016,262.0,0.0,0.0,0.0,0.0,0.0,57382,14.0,24.2,1.0,1.0,0.0,0.0,0.0,0.0,0.0,1.0,1.0,0.0,0.0,0.0,Hannover 96,20.0,33.0,1.0,1.0,0.0,0.0,0.0,0.0,39.18
166,2017,257.0,73.0,0.0,0.0,0.0,0.0,57437,12.0,25.9,1.0,1.0,0.0,0.0,0.0,0.0,0.0,0.0,0.0,0.0,0.0,0.0,Hannover 96,13.0,30.0,1.0,0.0,0.0,0.0,0.0,0.0,92.95
166,2018,385.0,0.0,0.0,0.0,0.0,0.0,57489,18.0,25.7,1.0,0.0,0.0,0.0,0.0,0.0,0.0,1.0,0.0,0.0,0.0,0.0,Hannover 96,17.0,37.0,1.0,0.0,0.0,0.0,0.0,0.0,91.43
166,2019,385.0,0.0,0.0,0.0,0.0,0.0,169054,12.0,25.8,1.0,0.0,0.0,0.0,0.0,0.0,0.0,0.0,0.0,0.0,0.0,0.0,Hannover 96,24.0,38.0,0.0,0.0,0.0,0.0,0.0,0.0,38.93
166,2020,288.0,0.0,0.0,0.0,0.0,0.0,646335,15.0,26.0,1.0,0.0,0.0,0.0,0.0,0.0,0.0,1.0,0.0,0.0,0.0,0.0,Hannover 96,31.0,31.0,1.0,0.0,0.0,0.0,0.0,0.0,24.05
166,2021,146.0,0.0,0.0,0.0,0.0,0.0,832029,13.0,26.3,1.0,0.0,0.0,0.0,0.0,0.0,0.0,1.0,1.0,1.0,0.0,0.0,Hannover 96,29.0,35.0,1.0,1.0,1.0,0.0,0.0,0.0,28.6
166,2022,284.0,0.0,0.0,0.0,0.0,0.0,958523,6.0,25.0,1.0,0.0,0.0,0.0,0.0,0.0,0.0,1.0,0.0,0.0,0.0,0.0,Hannover 96,28.0,29.0,1.0,0.0,0.0,0.0,0.0,0.0,21.78
167,2012,512.0,0.0,0.0,0.0,0.0,0.0,559977,24.0,23.7,1.0,0.0,0.0,0.0,0.0,0.0,0.0,0.0,0.0,0.0,0.0,0.0,1899 Hoffenheim,16.0,43.0,0.0,0.0,0.0,0.0,0.0,0.0,78.25
167,2013,434.0,0.0,284.0,0.0,0.0,0.0,559907,25.0,23.7,1.0,1.0,0.0,1.0,0.0,0.0,0.0,1.0,0.0,1.0,0.0,0.0,1899 Hoffenheim,9.0,43.0,1.0,1.0,1.0,0.0,0.0,0.0,97.4
167,2014,185.0,0.0,102.0,224.0,0.0,0.0,559857,14.0,24.4,1.0,1.0,1.0,0.0,0.0,0.0,0.0,1.0,0.0,0.0,0.0,0.0,1899 Hoffenheim,8.0,30.0,1.0,1.0,1.0,0.0,0.0,0.0,121.78
167,2015,239.0,0.0,0.0,0.0,0.0,0.0,559788,16.0,24.9,1.0,0.0,0.0,0.0,0.0,0.0,0.0,0.0,0.0,0.0,0.0,0.0,1899 Hoffenheim,15.0,30.0,0.0,0.0,0.0,0.0,0.0,0.0,90.2
167,2016,240.0,229.0,0.0,0.0,0.0,0.0,57391,16.0,24.5,1.0,1.0,0.0,0.0,0.0,0.0,0.0,0.0,0.0,0.0,0.0,0.0,1899 Hoffenheim,4.0,33.0,1.0,0.0,0.0,0.0,0.0,0.0,138.63
167,2017,244.0,422.0,0.0,0.0,0.0,0.0,57449,13.0,24.1,1.0,1.0,0.0,0.0,0.0,0.0,0.0,0.0,0.0,0.0,0.0,0.0,1899 Hoffenheim,3.0,36.0,1.0,0.0,0.0,0.0,0.0,0.0,212.75
167,2018,80.0,339.0,0.0,0.0,0.0,0.0,57499,23.0,24.4,1.0,0.0,0.0,0.0,0.0,0.0,0.0,0.0,0.0,0.0,0.0,0.0,1899 Hoffenheim,9.0,38.0,1.0,0.0,0.0,0.0,0.0,0.0,336.25
167,2019,98.0,277.0,232.0,0.0,0.0,0.0,250167,25.0,26.3,1.0,1.0,0.0,0.0,0.0,0.0,0.0,0.0,0.0,0.0,0.0,0.0,1899 Hoffenheim,6.0,37.0,1.0,1.0,0.0,0.0,0.0,0.0,226.05
167,2020,389.0,0.0,0.0,0.0,0.0,0.0,646339,26.0,25.1,1.0,1.0,0.0,0.0,0.0,0.0,0.0,1.0,0.0,0.0,0.0,0.0,1899 Hoffenheim,11.0,37.0,1.0,0.0,0.0,0.0,0.0,0.0,228.15
167,2021,223.0,0.0,0.0,0.0,0.0,0.0,810118,21.0,24.9,1.0,1.0,1.0,0.0,0.0,0.0,0.0,1.0,1.0,0.0,0.0,0.0,1899 Hoffenheim,9.0,40.0,1.0,1.0,0.0,0.0,0.0,0.0,211.43
167,2022,331.0,0.0,339.0,0.0,0.0,0.0,968260,21.0,25.8,1.0,1.0,0.0,0.0,0.0,0.0,0.0,1.0,0.0,0.0,0.0,0.0,1899 Hoffenheim,12.0,37.0,1.0,1.0,0.0,0.0,0.0,0.0,178.8
168,2012,323.0,157.0,307.0,0.0,0.0,0.0,559976,11.0,23.6,1.0,1.0,1.0,0.0,0.0,0.0,0.0,0.0,0.0,0.0,0.0,0.0,Bayer Leverkusen,3.0,33.0,1.0,1.0,0.0,0.0,0.0,0.0,155.3
168,2013,119.0,157.0,344.0,0.0,0.0,0.0,559909,14.0,24.3,1.0,1.0,1.0,1.0,0.0,0.0,0.0,0.0,0.0,1.0,0.0,0.0,Bayer Leverkusen,4.0,35.0,1.0,1.0,1.0,0.0,0.0,0.0,175.88
168,2014,133.0,345.0,0.0,0.0,0.0,0.0,559841,14.0,24.9,1.0,1.0,1.0,0.0,0.0,0.0,0.0,0.0,1.0,1.0,0.0,0.0,Bayer Leverkusen,4.0,26.0,1.0,1.0,1.0,0.0,0.0,0.0,177.1
168,2015,153.0,14.0,469.0,0.0,0.0,0.0,559783,21.0,24.2,1.0,1.0,1.0,1.0,0.0,0.0,0.0,0.0,0.0,1.0,0.0,0.0,Bayer Leverkusen,3.0,33.0,1.0,1.0,1.0,0.0,0.0,0.0,241.3
168,2016,212.0,153.0,0.0,0.0,0.0,0.0,57393,22.0,23.8,1.0,1.0,0.0,0.0,0.0,0.0,0.0,0.0,0.0,0.0,0.0,0.0,Bayer Leverkusen,12.0,39.0,1.0,0.0,0.0,0.0,0.0,0.0,265.03
168,2017,245.0,0.0,42.0,0.0,0.0,0.0,57459,14.0,25.3,1.0,1.0,1.0,1.0,0.0,0.0,0.0,1.0,0.0,1.0,1.0,0.0,Bayer Leverkusen,5.0,27.0,1.0,1.0,1.0,1.0,0.0,0.0,357.35
168,2018,266.0,42.0,346.0,0.0,0.0,0.0,57510,16.0,24.6,1.0,1.0,1.0,0.0,0.0,0.0,0.0,0.0,0.0,0.0,0.0,0.0,Bayer Leverkusen,4.0,31.0,1.0,1.0,0.0,0.0,0.0,0.0,429.4
168,2019,71.0,0.0,0.0,0.0,199.0,0.0,564163,18.0,25.1,1.0,1.0,1.0,1.0,1.0,0.0,0.0,1.0,1.0,1.0,0.0,1.0,Bayer Leverkusen,5.0,29.0,1.0,1.0,1.0,1.0,1.0,0.0,398.95
168,2020,359.0,0.0,48.0,0.0,0.0,0.0,663694,22.0,25.0,1.0,1.0,1.0,0.0,0.0,0.0,0.0,1.0,0.0,0.0,0.0,0.0,Bayer Leverkusen,6.0,33.0,1.0,1.0,0.0,0.0,0.0,0.0,373.25
168,2021,385.0,0.0,0.0,0.0,0.0,0.0,788051,25.0,24.6,1.0,1.0,0.0,0.0,0.0,0.0,0.0,1.0,0.0,0.0,0.0,0.0,Bayer Leverkusen,3.0,35.0,1.0,0.0,0.0,0.0,0.0,0.0,455.05
168,2022,190.0,0.0,0.0,0.0,0.0,0.0,864327,25.0,24.2,1.0,0.0,0.0,0.0,0.0,0.0,0.0,0.0,0.0,0.0,0.0,0.0,Bayer Leverkusen,6.0,35.0,0.0,0.0,0.0,0.0,0.0,0.0,452.5
169,2012,287.0,0.0,0.0,0.0,0.0,0.0,559989,13.0,25.4,1.0,0.0,0.0,0.0,0.0,0.0,0.0,0.0,0.0,0.0,0.0,0.0,Eintracht Frankfurt,6.0,31.0,0.0,0.0,0.0,0.0,0.0,0.0,68.4
169,2013,235.0,0.0,0.0,0.0,0.0,0.0,559928,11.0,24.7,1.0,1.0,1.0,0.0,0.0,0.0,0.0,1.0,1.0,1.0,0.0,0.0,Eintracht Frankfurt,13.0,33.0,1.0,1.0,1.0,0.0,0.0,0.0,86.2
169,2014,417.0,0.0,0.0,0.0,0.0,0.0,559853,14.0,25.1,1.0,0.0,0.0,0.0,0.0,0.0,0.0,1.0,0.0,0.0,0.0,0.0,Eintracht Frankfurt,9.0,30.0,1.0,0.0,0.0,0.0,0.0,0.0,74.9
169,2015,329.0,287.0,0.0,0.0,0.0,0.0,559787,21.0,24.9,1.0,1.0,0.0,0.0,0.0,0.0,0.0,0.0,0.0,0.0,0.0,0.0,Eintracht Frankfurt,16.0,35.0,1.0,0.0,0.0,0.0,0.0,0.0,76.6
169,2016,302.0,0.0,259.0,0.0,199.0,0.0,57390,22.0,24.1,1.0,0.0,1.0,1.0,0.0,0.0,0.0,1.0,0.0,1.0,0.0,1.0,Eintracht Frankfurt,11.0,35.0,1.0,1.0,1.0,1.0,1.0,0.0,72.25
169,2017,100.0,108.0,192.0,0.0,197.0,298.0,57457,24.0,25.0,1.0,1.0,1.0,1.0,1.0,0.0,0.0,0.0,0.0,1.0,0.0,0.0,Eintracht Frankfurt,8.0,36.0,1.0,1.0,1.0,1.0,1.0,1.0,126.15
169,2018,210.0,0.0,0.0,0.0,0.0,0.0,57500,29.0,24.8,1.0,0.0,0.0,0.0,0.0,0.0,0.0,0.0,0.0,0.0,0.0,0.0,Eintracht Frankfurt,7.0,47.0,0.0,0.0,0.0,0.0,0.0,0.0,313.4
169,2019,70.0,390.0,0.0,0.0,298.0,0.0,354884,24.0,26.4,1.0,1.0,0.0,0.0,0.0,0.0,0.0,0.0,1.0,1.0,0.0,0.0,Eintracht Frankfurt,9.0,35.0,1.0,1.0,1.0,1.0,0.0,0.0,208.98
169,2020,305.0,158.0,0.0,0.0,0.0,0.0,646331,24.0,25.6,1.0,0.0,0.0,0.0,0.0,0.0,0.0,0.0,0.0,0.0,0.0,0.0,Eintracht Frankfurt,5.0,36.0,1.0,0.0,0.0,0.0,0.0,0.0,269.15
169,2021,70.0,0.0,0.0,0.0,0.0,0.0,723354,23.0,25.2,1.0,0.0,0.0,0.0,0.0,0.0,0.0,0.0,0.0,0.0,0.0,0.0,Eintracht Frankfurt,11.0,36.0,0.0,0.0,0.0,0.0,0.0,0.0,228.75
169,2022,302.0,153.0,0.0,0.0,152.0,288.0,1025223,22.0,25.0,1.0,1.0,1.0,0.0,1.0,0.0,0.0,0.0,1.0,1.0,0.0,0.0,Eintracht Frankfurt,7.0,36.0,1.0,1.0,1.0,1.0,1.0,0.0,324.55
170,2012,606.0,460.0,0.0,0.0,0.0,0.0,559968,18.0,26.2,1.0,1.0,0.0,0.0,0.0,0.0,0.0,0.0,1.0,0.0,0.0,0.0,FC Augsburg,15.0,33.0,1.0,1.0,0.0,0.0,0.0,0.0,38.45
170,2013,347.0,460.0,0.0,0.0,0.0,0.0,559905,20.0,25.2,1.0,1.0,0.0,0.0,0.0,0.0,0.0,0.0,1.0,0.0,0.0,0.0,FC Augsburg,8.0,35.0,1.0,1.0,0.0,0.0,0.0,0.0,45.95
170,2014,422.0,0.0,0.0,0.0,0.0,0.0,559866,19.0,25.5,1.0,0.0,0.0,0.0,0.0,0.0,0.0,0.0,0.0,0.0,0.0,0.0,FC Augsburg,5.0,35.0,0.0,0.0,0.0,0.0,0.0,0.0,50.08
170,2015,296.0,227.0,0.0,0.0,0.0,0.0,559778,21.0,25.9,1.0,1.0,0.0,0.0,0.0,0.0,0.0,0.0,1.0,0.0,0.0,0.0,FC Augsburg,12.0,39.0,1.0,1.0,0.0,0.0,0.0,0.0,75.83
170,2016,116.0,52.0,0.0,0.0,0.0,0.0,57364,21.0,26.3,1.0,0.0,0.0,0.0,0.0,0.0,0.0,0.0,0.0,0.0,0.0,0.0,FC Augsburg,13.0,37.0,1.0,0.0,0.0,0.0,0.0,0.0,65.85
170,2017,422.0,0.0,0.0,0.0,0.0,0.0,57435,17.0,25.6,1.0,0.0,0.0,0.0,0.0,0.0,0.0,0.0,0.0,0.0,0.0,0.0,FC Augsburg,12.0,33.0,0.0,0.0,0.0,0.0,0.0,0.0,100.45
170,2018,130.0,0.0,665.0,0.0,0.0,0.0,107272,19.0,24.9,1.0,0.0,1.0,0.0,0.0,0.0,0.0,1.0,0.0,1.0,0.0,0.0,FC Augsburg,15.0,40.0,1.0,1.0,1.0,0.0,0.0,0.0,139.25
170,2019,426.0,0.0,0.0,0.0,0.0,0.0,169063,18.0,25.4,1.0,0.0,0.0,0.0,0.0,0.0,0.0,0.0,0.0,0.0,0.0,0.0,FC Augsburg,15.0,37.0,0.0,0.0,0.0,0.0,0.0,0.0,112.95
170,2020,377.0,0.0,0.0,0.0,0.0,0.0,646332,20.0,25.8,1.0,0.0,0.0,0.0,0.0,0.0,0.0,1.0,0.0,0.0,0.0,0.0,FC Augsburg,13.0,31.0,1.0,0.0,0.0,0.0,0.0,0.0,93.05
170,2021,660.0,437.0,0.0,0.0,0.0,0.0,788042,20.0,25.5,1.0,1.0,0.0,0.0,0.0,0.0,0.0,0.0,0.0,0.0,0.0,0.0,FC Augsburg,14.0,32.0,1.0,0.0,0.0,0.0,0.0,0.0,95.3
170,2022,454.0,0.0,0.0,0.0,0.0,0.0,958526,25.0,25.0,1.0,0.0,0.0,0.0,0.0,0.0,0.0,1.0,0.0,0.0,0.0,0.0,FC Augsburg,15.0,42.0,1.0,0.0,0.0,0.0,0.0,0.0,132.23
171,2012,347.0,0.0,0.0,0.0,0.0,0.0,559985,13.0,24.1,1.0,0.0,0.0,0.0,0.0,0.0,0.0,0.0,0.0,0.0,0.0,0.0,FC Nurnberg,10.0,32.0,0.0,0.0,0.0,0.0,0.0,0.0,46.83
171,2013,180.0,0.0,0.0,0.0,0.0,0.0,559930,16.0,24.2,1.0,0.0,0.0,0.0,0.0,0.0,0.0,0.0,0.0,0.0,0.0,0.0,FC Nurnberg,17.0,33.0,0.0,0.0,0.0,0.0,0.0,0.0,56.45
171,2014,379.0,0.0,0.0,0.0,0.0,0.0,559842,20.0,23.9,1.0,0.0,0.0,0.0,0.0,0.0,0.0,0.0,0.0,0.0,0.0,0.0,FC Nurnberg,27.0,37.0,0.0,0.0,0.0,0.0,0.0,0.0,24.65
171,2015,102.0,0.0,0.0,0.0,0.0,0.0,559805,12.0,25.5,1.0,1.0,0.0,0.0,0.0,0.0,0.0,1.0,1.0,0.0,0.0,0.0,FC Nurnberg,21.0,32.0,1.0,1.0,0.0,0.0,0.0,0.0,27.8
171,2016,335.0,0.0,0.0,0.0,0.0,0.0,57367,16.0,25.4,1.0,0.0,0.0,0.0,0.0,0.0,0.0,1.0,0.0,0.0,0.0,0.0,FC Nurnberg,30.0,36.0,1.0,0.0,0.0,0.0,0.0,0.0,26.48
171,2017,379.0,383.0,0.0,0.0,0.0,0.0,57432,14.0,25.4,1.0,1.0,0.0,0.0,0.0,0.0,0.0,0.0,1.0,0.0,0.0,0.0,FC Nurnberg,20.0,31.0,1.0,1.0,0.0,0.0,0.0,0.0,33.2
171,2018,252.0,521.0,151.0,0.0,0.0,0.0,57511,12.0,25.2,1.0,1.0,0.0,0.0,0.0,0.0,0.0,0.0,0.0,0.0,0.0,0.0,FC Nurnberg,18.0,29.0,1.0,1.0,0.0,0.0,0.0,0.0,54.4
171,2019,78.0,244.0,0.0,0.0,0.0,0.0,238917,13.0,25.1,0.0,1.0,0.0,0.0,0.0,0.0,0.0,0.0,0.0,0.0,0.0,0.0,FC Nurnberg,34.0,39.0,1.0,0.0,0.0,0.0,0.0,0.0,31.8
171,2020,0.0,0.0,0.0,0.0,0.0,0.0,574014,9.0,25.1,0.0,0.0,0.0,0.0,0.0,0.0,1.0,0.0,0.0,0.0,0.0,0.0,FC Nurnberg,29.0,35.0,0.0,0.0,0.0,0.0,0.0,0.0,27.38
171,2021,141.0,0.0,0.0,0.0,0.0,0.0,788047,5.0,25.5,1.0,0.0,0.0,0.0,0.0,0.0,0.0,1.0,0.0,0.0,0.0,0.0,FC Nurnberg,26.0,30.0,1.0,0.0,0.0,0.0,0.0,0.0,28.83
171,2022,272.0,192.0,0.0,0.0,0.0,0.0,1008959,10.0,24.6,1.0,1.0,0.0,0.0,0.0,0.0,0.0,0.0,1.0,1.0,0.0,0.0,FC Nurnberg,32.0,40.0,1.0,1.0,1.0,0.0,0.0,0.0,28.53
172,2012,499.0,0.0,0.0,0.0,0.0,185.0,559973,19.0,25.4,1.0,1.0,1.0,1.0,0.0,0.0,0.0,1.0,1.0,1.0,1.0,0.0,VfB Stuttgart,12.0,34.0,1.0,1.0,1.0,1.0,1.0,0.0,93.13
172,2013,513.0,133.0,0.0,0.0,0.0,0.0,559926,19.0,25.0,1.0,0.0,0.0,0.0,0.0,0.0,0.0,0.0,0.0,0.0,0.0,0.0,VfB Stuttgart,15.0,35.0,1.0,0.0,0.0,0.0,0.0,0.0,108.3
172,2014,332.0,0.0,0.0,0.0,0.0,0.0,559843,17.0,24.7,1.0,0.0,0.0,0.0,0.0,0.0,0.0,0.0,0.0,0.0,0.0,0.0,VfB Stuttgart,14.0,30.0,0.0,0.0,0.0,0.0,0.0,0.0,86.95
172,2015,618.0,291.0,0.0,0.0,0.0,0.0,559789,19.0,24.8,1.0,1.0,1.0,0.0,0.0,0.0,0.0,0.0,1.0,1.0,0.0,0.0,VfB Stuttgart,17.0,34.0,1.0,1.0,1.0,0.0,0.0,0.0,81.18
172,2016,149.0,330.0,0.0,0.0,0.0,0.0,57397,20.0,24.4,1.0,0.0,0.0,0.0,0.0,0.0,0.0,0.0,0.0,0.0,0.0,0.0,VfB Stuttgart,19.0,32.0,1.0,0.0,0.0,0.0,0.0,0.0,50.9
172,2017,491.0,128.0,151.0,0.0,0.0,0.0,57434,18.0,24.7,1.0,1.0,1.0,0.0,0.0,0.0,0.0,0.0,0.0,0.0,0.0,0.0,VfB Stuttgart,7.0,34.0,1.0,1.0,0.0,0.0,0.0,0.0,134.7
172,2018,621.0,0.0,0.0,0.0,0.0,0.0,57494,17.0,24.9,1.0,0.0,0.0,0.0,0.0,0.0,0.0,0.0,0.0,0.0,0.0,0.0,VfB Stuttgart,16.0,34.0,0.0,0.0,0.0,0.0,0.0,0.0,143.75
172,2019,621.0,216.0,294.0,0.0,0.0,0.0,250166,16.0,24.0,1.0,1.0,0.0,0.0,0.0,0.0,0.0,0.0,0.0,0.0,0.0,0.0,VfB Stuttgart,20.0,34.0,1.0,1.0,0.0,0.0,0.0,0.0,70.8
172,2020,621.0,0.0,0.0,0.0,0.0,0.0,655487,16.0,23.8,1.0,0.0,0.0,0.0,0.0,0.0,0.0,1.0,1.0,0.0,0.0,0.0,VfB Stuttgart,9.0,32.0,1.0,1.0,0.0,0.0,0.0,0.0,189.25
172,2021,513.0,0.0,0.0,0.0,0.0,0.0,788049,21.0,23.5,1.0,1.0,0.0,0.0,0.0,0.0,0.0,1.0,0.0,0.0,0.0,0.0,VfB Stuttgart,15.0,39.0,1.0,0.0,0.0,0.0,0.0,0.0,174.23
172,2022,410.0,0.0,327.0,156.0,0.0,0.0,1021523,21.0,23.2,1.0,1.0,1.0,1.0,0.0,0.0,0.0,1.0,0.0,0.0,1.0,0.0,VfB Stuttgart,16.0,39.0,1.0,1.0,1.0,1.0,0.0,0.0,151.05
173,2013,0.0,0.0,0.0,0.0,0.0,0.0,559905,1.0,26.8,0.0,0.0,0.0,0.0,0.0,0.0,1.0,0.0,0.0,0.0,0.0,0.0,RB Leipzig,38.0,29.0,0.0,0.0,0.0,0.0,0.0,0.0,6.78
173,2014,0.0,0.0,0.0,0.0,0.0,0.0,559865,15.0,24.3,0.0,1.0,0.0,0.0,0.0,0.0,1.0,1.0,1.0,0.0,0.0,0.0,RB Leipzig,23.0,35.0,1.0,1.0,0.0,0.0,0.0,0.0,32.65
173,2015,312.0,368.0,0.0,0.0,0.0,0.0,559804,14.0,23.4,1.0,1.0,0.0,0.0,0.0,0.0,0.0,0.0,0.0,0.0,0.0,0.0,RB Leipzig,20.0,31.0,1.0,0.0,0.0,0.0,0.0,0.0,41.05
173,2016,110.0,0.0,0.0,0.0,0.0,0.0,57338,17.0,23.6,1.0,0.0,0.0,0.0,0.0,0.0,0.0,0.0,0.0,0.0,0.0,0.0,RB Leipzig,2.0,33.0,0.0,0.0,0.0,0.0,0.0,0.0,176.33
173,2017,319.0,0.0,0.0,0.0,0.0,0.0,57442,19.0,24.1,1.0,0.0,0.0,0.0,0.0,0.0,0.0,1.0,0.0,0.0,0.0,0.0,RB Leipzig,6.0,28.0,1.0,0.0,0.0,0.0,0.0,0.0,373.3
173,2018,375.0,0.0,0.0,347.0,350.0,0.0,113989,22.0,22.6,1.0,0.0,1.0,1.0,1.0,0.0,0.0,1.0,1.0,0.0,0.0,1.0,RB Leipzig,3.0,34.0,1.0,1.0,1.0,1.0,1.0,0.0,479.0
173,2019,312.0,161.0,288.0,0.0,0.0,0.0,250165,26.0,23.0,1.0,1.0,1.0,0.0,0.0,0.0,0.0,0.0,0.0,0.0,0.0,0.0,RB Leipzig,3.0,38.0,1.0,1.0,0.0,0.0,0.0,0.0,570.48
173,2020,229.0,347.0,0.0,0.0,307.0,0.0,700980,23.0,23.7,1.0,1.0,1.0,1.0,1.0,0.0,0.0,0.0,1.0,1.0,0.0,1.0,RB Leipzig,2.0,32.0,1.0,1.0,1.0,1.0,1.0,0.0,574.95
173,2021,345.0,128.0,0.0,213.0,0.0,492.0,858630,23.0,23.9,1.0,1.0,1.0,1.0,1.0,1.0,0.0,0.0,1.0,0.0,1.0,0.0,RB Leipzig,4.0,34.0,1.0,1.0,1.0,1.0,1.0,1.0,498.95
173,2022,232.0,0.0,0.0,0.0,492.0,0.0,1025223,19.0,25.6,1.0,1.0,1.0,0.0,1.0,1.0,0.0,1.0,1.0,1.0,0.0,1.0,RB Leipzig,3.0,29.0,1.0,1.0,1.0,1.0,1.0,1.0,486.4
174,2012,259.0,0.0,0.0,0.0,0.0,0.0,559988,22.0,24.8,1.0,1.0,1.0,0.0,0.0,0.0,0.0,1.0,1.0,0.0,0.0,0.0,FC Schalke 04,4.0,34.0,1.0,1.0,0.0,0.0,0.0,0.0,183.55
174,2013,312.0,218.0,0.0,0.0,0.0,0.0,559933,18.0,24.4,1.0,1.0,1.0,0.0,0.0,0.0,0.0,0.0,1.0,0.0,0.0,0.0,FC Schalke 04,3.0,38.0,1.0,1.0,0.0,0.0,0.0,0.0,203.25
174,2014,475.0,0.0,0.0,0.0,0.0,0.0,559871,15.0,24.0,1.0,0.0,0.0,0.0,0.0,0.0,0.0,0.0,0.0,0.0,0.0,0.0,FC Schalke 04,6.0,36.0,0.0,0.0,0.0,0.0,0.0,0.0,212.0
174,2015,31.0,0.0,0.0,0.0,0.0,0.0,559784,14.0,24.9,1.0,0.0,0.0,0.0,0.0,0.0,0.0,1.0,0.0,0.0,0.0,0.0,FC Schalke 04,5.0,32.0,1.0,0.0,0.0,0.0,0.0,0.0,225.2
174,2016,402.0,373.0,272.0,495.0,0.0,0.0,57367,22.0,24.7,1.0,1.0,1.0,0.0,0.0,0.0,0.0,0.0,0.0,0.0,0.0,0.0,FC Schalke 04,10.0,39.0,1.0,1.0,1.0,0.0,0.0,0.0,217.25
174,2017,453.0,186.0,0.0,0.0,0.0,0.0,57431,18.0,25.5,1.0,1.0,1.0,1.0,1.0,0.0,0.0,0.0,1.0,1.0,1.0,0.0,FC Schalke 04,2.0,29.0,1.0,1.0,1.0,1.0,0.0,0.0,274.35
174,2018,279.0,73.0,0.0,0.0,0.0,0.0,107274,24.0,25.1,1.0,1.0,1.0,0.0,0.0,0.0,0.0,0.0,1.0,1.0,0.0,0.0,FC Schalke 04,14.0,39.0,1.0,1.0,1.0,0.0,0.0,0.0,221.3
174,2019,286.0,117.0,0.0,0.0,0.0,0.0,324068,20.0,24.2,1.0,1.0,0.0,0.0,0.0,0.0,0.0,0.0,1.0,1.0,0.0,0.0,FC Schalke 04,12.0,33.0,1.0,1.0,1.0,0.0,0.0,0.0,221.58
174,2020,279.0,410.0,275.0,0.0,0.0,0.0,655488,27.0,24.8,1.0,1.0,0.0,0.0,0.0,0.0,0.0,0.0,0.0,0.0,0.0,0.0,FC Schalke 04,18.0,45.0,1.0,1.0,0.0,0.0,0.0,0.0,123.05
174,2021,402.0,503.0,0.0,0.0,0.0,0.0,788040,22.0,25.2,1.0,1.0,0.0,0.0,0.0,0.0,0.0,0.0,0.0,0.0,0.0,0.0,FC Schalke 04,19.0,39.0,1.0,0.0,0.0,0.0,0.0,0.0,43.83
174,2022,207.0,284.0,0.0,0.0,0.0,0.0,958528,22.0,26.4,1.0,0.0,0.0,0.0,0.0,0.0,0.0,0.0,0.0,0.0,0.0,0.0,FC Schalke 04,17.0,43.0,1.0,0.0,0.0,0.0,0.0,0.0,87.78
175,2012,280.0,0.0,0.0,0.0,0.0,0.0,559983,18.0,25.1,1.0,0.0,0.0,0.0,0.0,0.0,0.0,0.0,0.0,0.0,0.0,0.0,Hamburger SV,7.0,30.0,0.0,0.0,0.0,0.0,0.0,0.0,104.95
175,2013,304.0,0.0,0.0,0.0,0.0,0.0,559923,18.0,24.9,1.0,1.0,1.0,0.0,0.0,0.0,0.0,1.0,1.0,1.0,0.0,0.0,Hamburger SV,16.0,34.0,1.0,1.0,1.0,0.0,0.0,0.0,102.78
175,2014,428.0,0.0,0.0,0.0,0.0,0.0,559869,21.0,25.2,1.0,0.0,0.0,0.0,0.0,0.0,0.0,1.0,0.0,0.0,0.0,0.0,Hamburger SV,16.0,38.0,1.0,0.0,0.0,0.0,0.0,0.0,87.15
175,2015,305.0,0.0,0.0,0.0,0.0,0.0,559790,18.0,25.8,1.0,0.0,0.0,0.0,0.0,0.0,0.0,0.0,0.0,0.0,0.0,0.0,Hamburger SV,10.0,35.0,0.0,0.0,0.0,0.0,0.0,0.0,63.2
175,2016,283.0,363.0,0.0,0.0,0.0,0.0,57381,21.0,24.6,1.0,1.0,0.0,0.0,0.0,0.0,0.0,0.0,1.0,1.0,0.0,0.0,Hamburger SV,14.0,38.0,1.0,1.0,1.0,0.0,0.0,0.0,80.48
175,2017,533.0,0.0,0.0,0.0,0.0,0.0,57445,17.0,24.5,1.0,0.0,0.0,0.0,0.0,0.0,0.0,0.0,0.0,0.0,0.0,0.0,Hamburger SV,17.0,34.0,0.0,0.0,0.0,0.0,0.0,0.0,62.4
175,2018,411.0,343.0,0.0,457.0,0.0,0.0,108265,22.0,23.2,1.0,1.0,0.0,1.0,0.0,0.0,0.0,0.0,1.0,0.0,1.0,0.0,Hamburger SV,22.0,39.0,1.0,1.0,1.0,1.0,0.0,0.0,86.85
175,2019,357.0,0.0,0.0,0.0,0.0,0.0,238931,18.0,24.9,1.0,0.0,0.0,0.0,0.0,0.0,0.0,1.0,0.0,0.0,0.0,0.0,Hamburger SV,22.0,33.0,1.0,0.0,0.0,0.0,0.0,0.0,49.9
175,2020,336.0,0.0,0.0,0.0,0.0,0.0,574017,11.0,25.2,1.0,0.0,0.0,0.0,0.0,0.0,0.0,0.0,0.0,0.0,0.0,0.0,Hamburger SV,22.0,31.0,0.0,0.0,0.0,0.0,0.0,0.0,35.6
175,2021,466.0,151.0,476.0,0.0,0.0,0.0,847641,13.0,24.0,1.0,1.0,0.0,1.0,0.0,0.0,0.0,0.0,0.0,1.0,1.0,0.0,Hamburger SV,21.0,35.0,1.0,1.0,1.0,1.0,0.0,0.0,43.73
175,2022,196.0,350.0,0.0,0.0,0.0,0.0,958525,16.0,23.8,1.0,0.0,0.0,0.0,0.0,0.0,0.0,0.0,0.0,0.0,0.0,0.0,Hamburger SV,21.0,36.0,1.0,0.0,0.0,0.0,0.0,0.0,38.78
177,2012,0.0,0.0,0.0,0.0,0.0,0.0,559997,10.0,25.2,0.0,0.0,0.0,0.0,0.0,0.0,1.0,0.0,0.0,0.0,0.0,0.0,Jahn Regensburg,36.0,33.0,0.0,0.0,0.0,0.0,0.0,0.0,9.73
177,2013,0.0,0.0,0.0,0.0,0.0,0.0,559932,6.0,24.1,0.0,0.0,0.0,0.0,0.0,0.0,1.0,0.0,0.0,0.0,0.0,0.0,Jahn Regensburg,47.0,26.0,0.0,0.0,0.0,0.0,0.0,0.0,5.8
177,2016,0.0,0.0,0.0,0.0,0.0,0.0,57385,4.0,26.7,0.0,0.0,0.0,0.0,0.0,0.0,1.0,0.0,0.0,0.0,0.0,0.0,Jahn Regensburg,39.0,28.0,0.0,0.0,0.0,0.0,0.0,0.0,5.95
177,2017,0.0,0.0,0.0,0.0,0.0,0.0,57448,5.0,25.8,0.0,0.0,0.0,0.0,0.0,0.0,1.0,1.0,0.0,0.0,0.0,0.0,Jahn Regensburg,24.0,28.0,1.0,0.0,0.0,0.0,0.0,0.0,12.4
177,2018,261.0,0.0,0.0,0.0,0.0,0.0,57486,7.0,26.7,1.0,0.0,0.0,0.0,0.0,0.0,0.0,0.0,0.0,0.0,0.0,0.0,Jahn Regensburg,26.0,29.0,0.0,0.0,0.0,0.0,0.0,0.0,15.75
177,2019,372.0,0.0,0.0,0.0,0.0,0.0,169059,3.0,26.4,1.0,0.0,0.0,0.0,0.0,0.0,0.0,0.0,0.0,0.0,0.0,0.0,Jahn Regensburg,30.0,29.0,0.0,0.0,0.0,0.0,0.0,0.0,11.83
177,2020,317.0,301.0,0.0,0.0,0.0,0.0,675016,5.0,25.6,1.0,1.0,0.0,0.0,0.0,0.0,0.0,0.0,1.0,1.0,0.0,0.0,Jahn Regensburg,32.0,30.0,1.0,1.0,1.0,0.0,0.0,0.0,12.98
177,2021,357.0,0.0,0.0,0.0,0.0,0.0,788046,6.0,26.0,1.0,1.0,0.0,0.0,0.0,0.0,0.0,1.0,0.0,0.0,0.0,0.0,Jahn Regensburg,33.0,30.0,1.0,0.0,0.0,0.0,0.0,0.0,16.78
177,2022,0.0,0.0,0.0,0.0,0.0,0.0,958532,8.0,25.7,0.0,0.0,0.0,0.0,0.0,0.0,1.0,1.0,0.0,0.0,0.0,0.0,Jahn Regensburg,35.0,31.0,1.0,0.0,0.0,0.0,0.0,0.0,14.28
178,2012,174.0,0.0,0.0,0.0,0.0,0.0,559980,18.0,24.8,1.0,0.0,0.0,0.0,0.0,0.0,0.0,0.0,0.0,0.0,0.0,0.0,SpVgg Greuther Furth,18.0,37.0,0.0,0.0,0.0,0.0,0.0,0.0,33.33
178,2013,197.0,162.0,0.0,0.0,0.0,0.0,559918,12.0,24.3,1.0,0.0,0.0,0.0,0.0,0.0,0.0,0.0,0.0,0.0,0.0,0.0,SpVgg Greuther Furth,21.0,28.0,1.0,0.0,0.0,0.0,0.0,0.0,21.85
178,2014,272.0,234.0,0.0,0.0,0.0,0.0,559850,18.0,24.0,1.0,0.0,0.0,0.0,0.0,0.0,0.0,0.0,0.0,0.0,0.0,0.0,SpVgg Greuther Furth,32.0,40.0,1.0,0.0,0.0,0.0,0.0,0.0,26.88
178,2015,173.0,0.0,0.0,0.0,0.0,0.0,559786,13.0,24.6,1.0,0.0,0.0,0.0,0.0,0.0,0.0,0.0,0.0,0.0,0.0,0.0,SpVgg Greuther Furth,27.0,36.0,0.0,0.0,0.0,0.0,0.0,0.0,16.0
178,2016,470.0,0.0,0.0,0.0,0.0,0.0,57388,19.0,24.8,1.0,0.0,0.0,0.0,0.0,0.0,0.0,1.0,1.0,0.0,0.0,0.0,SpVgg Greuther Furth,26.0,38.0,1.0,1.0,0.0,0.0,0.0,0.0,17.65
178,2017,234.0,0.0,0.0,0.0,0.0,0.0,57443,18.0,25.0,1.0,0.0,0.0,0.0,0.0,0.0,0.0,1.0,0.0,0.0,0.0,0.0,SpVgg Greuther Furth,34.0,35.0,1.0,0.0,0.0,0.0,0.0,0.0,16.65
178,2018,0.0,0.0,0.0,0.0,0.0,0.0,57478,9.0,24.3,0.0,0.0,0.0,0.0,0.0,0.0,1.0,0.0,0.0,0.0,0.0,0.0,SpVgg Greuther Furth,31.0,29.0,0.0,0.0,0.0,0.0,0.0,0.0,14.83
178,2019,367.0,0.0,0.0,0.0,0.0,0.0,169055,9.0,23.9,1.0,0.0,0.0,0.0,0.0,0.0,0.0,0.0,0.0,0.0,0.0,0.0,SpVgg Greuther Furth,27.0,31.0,0.0,0.0,0.0,0.0,0.0,0.0,14.03
178,2020,298.0,159.0,424.0,0.0,0.0,0.0,655486,12.0,23.7,1.0,0.0,0.0,0.0,0.0,0.0,0.0,0.0,0.0,0.0,0.0,0.0,SpVgg Greuther Furth,20.0,27.0,1.0,1.0,0.0,0.0,0.0,0.0,30.53
178,2021,354.0,0.0,0.0,0.0,0.0,0.0,723344,15.0,24.6,1.0,0.0,0.0,0.0,0.0,0.0,0.0,0.0,0.0,0.0,0.0,0.0,SpVgg Greuther Furth,18.0,34.0,0.0,0.0,0.0,0.0,0.0,0.0,36.95
178,2022,158.0,0.0,0.0,0.0,0.0,0.0,864346,15.0,23.8,1.0,0.0,0.0,0.0,0.0,0.0,0.0,0.0,0.0,0.0,0.0,0.0,SpVgg Greuther Furth,30.0,34.0,0.0,0.0,0.0,0.0,0.0,0.0,23.6
179,2013,0.0,0.0,0.0,0.0,0.0,0.0,559912,1.0,26.8,0.0,0.0,0.0,0.0,0.0,0.0,1.0,0.0,0.0,0.0,0.0,0.0,FC Magdeburg,80.0,29.0,0.0,0.0,0.0,0.0,0.0,0.0,6.78
179,2014,0.0,0.0,0.0,0.0,0.0,0.0,559866,1.0,27.3,0.0,0.0,0.0,0.0,0.0,0.0,1.0,1.0,0.0,0.0,0.0,0.0,FC Magdeburg,80.0,27.0,1.0,0.0,0.0,0.0,0.0,0.0,5.4
179,2016,0.0,0.0,0.0,0.0,0.0,0.0,57390,5.0,25.5,0.0,0.0,0.0,0.0,0.0,0.0,1.0,0.0,0.0,0.0,0.0,0.0,FC Magdeburg,40.0,31.0,0.0,0.0,0.0,0.0,0.0,0.0,6.63
179,2017,0.0,0.0,0.0,0.0,0.0,0.0,57435,2.0,26.3,0.0,0.0,0.0,0.0,0.0,0.0,1.0,1.0,0.0,0.0,0.0,0.0,FC Magdeburg,38.0,27.0,1.0,0.0,0.0,0.0,0.0,0.0,7.5
179,2018,0.0,0.0,0.0,0.0,0.0,0.0,57507,8.0,25.8,0.0,0.0,0.0,0.0,0.0,0.0,1.0,0.0,0.0,0.0,0.0,0.0,FC Magdeburg,35.0,32.0,0.0,0.0,0.0,0.0,0.0,0.0,12.65
179,2019,0.0,0.0,0.0,0.0,0.0,0.0,169068,6.0,23.9,0.0,0.0,0.0,0.0,0.0,0.0,1.0,0.0,0.0,0.0,0.0,0.0,FC Magdeburg,50.0,32.0,0.0,0.0,0.0,0.0,0.0,0.0,5.9
179,2020,0.0,0.0,0.0,0.0,0.0,0.0,574018,6.0,25.2,0.0,0.0,0.0,0.0,0.0,0.0,1.0,0.0,0.0,0.0,0.0,0.0,FC Magdeburg,47.0,35.0,0.0,0.0,0.0,0.0,0.0,0.0,6.08
179,2021,0.0,0.0,0.0,0.0,0.0,0.0,723365,8.0,23.9,0.0,0.0,0.0,0.0,0.0,0.0,1.0,0.0,0.0,0.0,0.0,0.0,FC Magdeburg,37.0,35.0,0.0,0.0,0.0,0.0,0.0,0.0,8.98
179,2022,0.0,0.0,0.0,0.0,0.0,0.0,864348,14.0,25.3,0.0,0.0,0.0,0.0,0.0,0.0,1.0,0.0,0.0,0.0,0.0,0.0,FC Magdeburg,29.0,36.0,0.0,0.0,0.0,0.0,0.0,0.0,17.5
180,2012,0.0,0.0,0.0,0.0,0.0,0.0,559978,0.0,26.1,0.0,0.0,0.0,0.0,0.0,0.0,1.0,0.0,0.0,0.0,0.0,0.0,FC Heidenheim,41.0,33.0,0.0,0.0,0.0,0.0,0.0,0.0,6.88
180,2013,0.0,0.0,0.0,0.0,0.0,0.0,559904,1.0,26.8,0.0,0.0,0.0,0.0,0.0,0.0,1.0,0.0,0.0,0.0,0.0,0.0,FC Heidenheim,37.0,29.0,0.0,0.0,0.0,0.0,0.0,0.0,7.75
180,2014,0.0,422.0,0.0,0.0,0.0,0.0,559868,1.0,24.8,1.0,0.0,0.0,0.0,0.0,0.0,1.0,0.0,0.0,0.0,0.0,0.0,FC Heidenheim,26.0,28.0,1.0,0.0,0.0,0.0,0.0,0.0,11.3
180,2015,195.0,132.0,284.0,0.0,0.0,0.0,559797,4.0,25.4,1.0,1.0,1.0,0.0,0.0,0.0,0.0,0.0,0.0,1.0,0.0,0.0,FC Heidenheim,29.0,28.0,1.0,1.0,1.0,0.0,0.0,0.0,13.65
180,2016,380.0,0.0,0.0,0.0,0.0,0.0,57386,8.0,24.4,1.0,0.0,0.0,0.0,0.0,0.0,0.0,1.0,0.0,0.0,0.0,0.0,FC Heidenheim,24.0,28.0,1.0,0.0,0.0,0.0,0.0,0.0,14.93
180,2017,128.0,147.0,0.0,0.0,0.0,0.0,57455,5.0,25.1,1.0,1.0,0.0,0.0,0.0,0.0,0.0,0.0,1.0,0.0,0.0,0.0,FC Heidenheim,28.0,29.0,1.0,1.0,0.0,0.0,0.0,0.0,14.48
180,2018,517.0,0.0,0.0,117.0,0.0,0.0,107273,1.0,24.8,1.0,1.0,0.0,0.0,0.0,0.0,0.0,1.0,1.0,0.0,0.0,0.0,FC Heidenheim,23.0,30.0,1.0,1.0,1.0,0.0,0.0,0.0,20.3
180,2019,31.0,498.0,0.0,0.0,0.0,0.0,238930,1.0,25.7,1.0,0.0,0.0,0.0,0.0,0.0,0.0,0.0,0.0,0.0,0.0,0.0,FC Heidenheim,21.0,30.0,1.0,0.0,0.0,0.0,0.0,0.0,19.7
180,2020,207.0,0.0,0.0,0.0,0.0,0.0,574015,2.0,25.5,1.0,0.0,0.0,0.0,0.0,0.0,0.0,0.0,0.0,0.0,0.0,0.0,FC Heidenheim,26.0,31.0,0.0,0.0,0.0,0.0,0.0,0.0,20.5
180,2021,618.0,0.0,0.0,0.0,0.0,0.0,723357,3.0,25.0,1.0,0.0,0.0,0.0,0.0,0.0,0.0,0.0,0.0,0.0,0.0,0.0,FC Heidenheim,24.0,31.0,0.0,0.0,0.0,0.0,0.0,0.0,18.35
180,2022,50.0,486.0,0.0,0.0,0.0,0.0,958531,4.0,25.6,1.0,0.0,0.0,0.0,0.0,0.0,0.0,0.0,0.0,0.0,0.0,0.0,FC Heidenheim,19.0,28.0,1.0,0.0,0.0,0.0,0.0,0.0,25.2
181,2013,0.0,0.0,0.0,0.0,0.0,0.0,559920,4.0,25.6,0.0,0.0,0.0,0.0,0.0,0.0,1.0,1.0,0.0,0.0,0.0,0.0,SV Darmstadt 98,39.0,36.0,1.0,0.0,0.0,0.0,0.0,0.0,8.73
181,2014,0.0,0.0,0.0,0.0,0.0,0.0,559867,3.0,25.9,0.0,0.0,0.0,0.0,0.0,0.0,1.0,0.0,0.0,0.0,0.0,0.0,SV Darmstadt 98,20.0,28.0,0.0,0.0,0.0,0.0,0.0,0.0,12.85
181,2015,126.0,0.0,282.0,0.0,0.0,0.0,559777,8.0,27.3,1.0,0.0,0.0,0.0,0.0,0.0,0.0,1.0,0.0,0.0,0.0,0.0,SV Darmstadt 98,14.0,30.0,1.0,1.0,0.0,0.0,0.0,0.0,25.15
181,2016,356.0,64.0,0.0,0.0,0.0,0.0,57387,17.0,26.7,1.0,1.0,0.0,0.0,0.0,0.0,0.0,0.0,0.0,0.0,0.0,0.0,SV Darmstadt 98,18.0,39.0,1.0,0.0,0.0,0.0,0.0,0.0,25.98
181,2017,265.0,0.0,0.0,0.0,0.0,0.0,57448,17.0,25.9,1.0,0.0,0.0,0.0,0.0,0.0,0.0,0.0,0.0,0.0,0.0,0.0,SV Darmstadt 98,35.0,35.0,0.0,0.0,0.0,0.0,0.0,0.0,17.85
181,2018,325.0,0.0,0.0,0.0,0.0,0.0,57507,11.0,26.5,1.0,0.0,0.0,0.0,0.0,0.0,0.0,1.0,0.0,0.0,0.0,0.0,SV Darmstadt 98,28.0,37.0,1.0,0.0,0.0,0.0,0.0,0.0,18.1
181,2019,358.0,0.0,0.0,0.0,0.0,0.0,238921,11.0,25.7,1.0,1.0,0.0,0.0,0.0,0.0,0.0,1.0,0.0,0.0,0.0,0.0,SV Darmstadt 98,23.0,32.0,1.0,0.0,0.0,0.0,0.0,0.0,13.8
181,2020,325.0,385.0,505.0,0.0,0.0,0.0,663695,11.0,25.1,1.0,1.0,1.0,0.0,0.0,0.0,0.0,0.0,0.0,0.0,0.0,0.0,SV Darmstadt 98,25.0,32.0,1.0,1.0,0.0,0.0,0.0,0.0,17.03
181,2021,290.0,0.0,0.0,0.0,0.0,0.0,723367,10.0,24.5,1.0,0.0,0.0,0.0,0.0,0.0,0.0,0.0,0.0,0.0,0.0,0.0,SV Darmstadt 98,22.0,32.0,0.0,0.0,0.0,0.0,0.0,0.0,20.33
181,2022,236.0,0.0,28.0,0.0,0.0,0.0,968257,11.0,25.3,1.0,0.0,0.0,0.0,0.0,0.0,0.0,1.0,0.0,0.0,0.0,0.0,SV Darmstadt 98,20.0,29.0,1.0,1.0,0.0,0.0,0.0,0.0,27.88
183,2012,50.0,320.0,0.0,0.0,0.0,0.0,559996,14.0,24.7,1.0,0.0,0.0,0.0,0.0,0.0,0.0,0.0,0.0,0.0,0.0,0.0,Dynamo Dresden,34.0,30.0,1.0,0.0,0.0,0.0,0.0,0.0,14.38
183,2014,0.0,0.0,0.0,0.0,0.0,0.0,559871,3.0,23.5,0.0,0.0,0.0,0.0,0.0,0.0,1.0,1.0,1.0,0.0,0.0,0.0,Dynamo Dresden,42.0,29.0,1.0,1.0,0.0,0.0,0.0,0.0,5.8
183,2016,0.0,0.0,0.0,0.0,0.0,0.0,57376,4.0,24.6,0.0,1.0,0.0,0.0,0.0,0.0,1.0,1.0,0.0,0.0,0.0,0.0,Dynamo Dresden,23.0,30.0,1.0,0.0,0.0,0.0,0.0,0.0,15.88
183,2017,446.0,543.0,0.0,0.0,0.0,0.0,57461,8.0,24.8,1.0,0.0,0.0,0.0,0.0,0.0,0.0,0.0,0.0,0.0,0.0,0.0,Dynamo Dresden,31.0,29.0,1.0,0.0,0.0,0.0,0.0,0.0,19.25
183,2018,391.0,0.0,0.0,0.0,0.0,0.0,57504,12.0,24.5,1.0,0.0,0.0,0.0,0.0,0.0,0.0,0.0,0.0,0.0,0.0,0.0,Dynamo Dresden,30.0,31.0,0.0,0.0,0.0,0.0,0.0,0.0,21.0
183,2019,363.0,174.0,0.0,0.0,0.0,0.0,238928,15.0,24.8,1.0,0.0,0.0,0.0,0.0,0.0,0.0,0.0,0.0,0.0,0.0,0.0,Dynamo Dresden,36.0,36.0,1.0,0.0,0.0,0.0,0.0,0.0,18.53
183,2020,0.0,0.0,0.0,0.0,0.0,0.0,646344,7.0,22.5,0.0,0.0,0.0,0.0,0.0,0.0,1.0,1.0,0.0,0.0,0.0,0.0,Dynamo Dresden,37.0,44.0,1.0,0.0,0.0,0.0,0.0,0.0,10.9
183,2021,0.0,0.0,0.0,0.0,0.0,0.0,788044,11.0,25.2,0.0,0.0,0.0,0.0,0.0,0.0,1.0,1.0,0.0,0.0,0.0,0.0,Dynamo Dresden,34.0,35.0,1.0,0.0,0.0,0.0,0.0,0.0,14.2
183,2022,0.0,0.0,0.0,0.0,0.0,0.0,864324,5.0,24.5,0.0,0.0,0.0,0.0,0.0,0.0,1.0,0.0,0.0,0.0,0.0,0.0,Dynamo Dresden,42.0,37.0,0.0,0.0,0.0,0.0,0.0,0.0,9.95
184,2012,100.0,0.0,0.0,0.0,0.0,0.0,559986,12.0,27.2,1.0,0.0,0.0,0.0,0.0,0.0,0.0,0.0,0.0,0.0,0.0,0.0,FC Ingolstadt 04,31.0,31.0,0.0,0.0,0.0,0.0,0.0,0.0,14.43
184,2013,384.0,248.0,411.0,0.0,0.0,0.0,559906,14.0,25.7,1.0,0.0,0.0,0.0,0.0,0.0,0.0,0.0,0.0,0.0,0.0,0.0,FC Ingolstadt 04,28.0,30.0,1.0,1.0,0.0,0.0,0.0,0.0,14.73
184,2014,244.0,0.0,0.0,0.0,0.0,0.0,559870,12.0,25.2,1.0,0.0,0.0,0.0,0.0,0.0,0.0,0.0,0.0,0.0,0.0,0.0,FC Ingolstadt 04,19.0,30.0,0.0,0.0,0.0,0.0,0.0,0.0,19.23
184,2015,79.0,0.0,0.0,0.0,0.0,0.0,559798,16.0,25.2,1.0,0.0,0.0,0.0,0.0,0.0,0.0,0.0,0.0,0.0,0.0,0.0,FC Ingolstadt 04,11.0,29.0,0.0,0.0,0.0,0.0,0.0,0.0,35.65
184,2016,225.0,248.0,0.0,0.0,0.0,0.0,57384,15.0,24.8,1.0,0.0,0.0,0.0,0.0,0.0,0.0,0.0,0.0,0.0,0.0,0.0,FC Ingolstadt 04,17.0,32.0,1.0,0.0,0.0,0.0,0.0,0.0,38.63
184,2017,74.0,88.0,382.0,0.0,0.0,0.0,57444,15.0,25.7,1.0,1.0,1.0,0.0,0.0,0.0,0.0,0.0,0.0,0.0,0.0,0.0,FC Ingolstadt 04,23.0,32.0,1.0,1.0,0.0,0.0,0.0,0.0,34.33
184,2018,382.0,0.0,0.0,0.0,0.0,0.0,57481,16.0,26.2,1.0,0.0,0.0,0.0,0.0,0.0,0.0,0.0,0.0,0.0,0.0,0.0,FC Ingolstadt 04,34.0,35.0,0.0,0.0,0.0,0.0,0.0,0.0,19.95
184,2019,0.0,0.0,0.0,0.0,0.0,0.0,169062,8.0,23.0,0.0,0.0,0.0,0.0,0.0,0.0,1.0,0.0,0.0,0.0,0.0,0.0,FC Ingolstadt 04,40.0,42.0,0.0,0.0,0.0,0.0,0.0,0.0,8.15
184,2020,0.0,0.0,0.0,0.0,0.0,0.0,574021,8.0,24.7,0.0,0.0,0.0,0.0,0.0,0.0,1.0,0.0,0.0,0.0,0.0,0.0,FC Ingolstadt 04,39.0,32.0,0.0,0.0,0.0,0.0,0.0,0.0,8.73
184,2021,0.0,335.0,0.0,0.0,0.0,0.0,788050,16.0,24.6,0.0,0.0,0.0,0.0,0.0,0.0,1.0,0.0,0.0,0.0,0.0,0.0,FC Ingolstadt 04,36.0,50.0,1.0,0.0,0.0,0.0,0.0,0.0,13.83
184,2022,0.0,0.0,0.0,0.0,0.0,0.0,864337,11.0,24.0,0.0,0.0,0.0,0.0,0.0,0.0,1.0,0.0,0.0,0.0,0.0,0.0,FC Ingolstadt 04,47.0,33.0,0.0,0.0,0.0,0.0,0.0,0.0,9.45
185,2012,34.0,0.0,0.0,0.0,0.0,0.0,559987,7.0,24.9,1.0,0.0,0.0,0.0,0.0,0.0,0.0,0.0,0.0,0.0,0.0,0.0,SC Paderborn 07,30.0,30.0,0.0,0.0,0.0,0.0,0.0,0.0,13.1
185,2013,143.0,303.0,0.0,0.0,0.0,0.0,559931,8.0,25.0,1.0,1.0,0.0,0.0,0.0,0.0,0.0,0.0,0.0,0.0,0.0,0.0,SC Paderborn 07,20.0,30.0,1.0,0.0,0.0,0.0,0.0,0.0,18.35
185,2014,255.0,0.0,0.0,0.0,0.0,0.0,559865,9.0,26.1,1.0,0.0,0.0,0.0,0.0,0.0,0.0,0.0,0.0,0.0,0.0,0.0,SC Paderborn 07,18.0,28.0,0.0,0.0,0.0,0.0,0.0,0.0,28.5
185,2015,273.0,50.0,0.0,0.0,0.0,0.0,559795,14.0,26.3,1.0,0.0,0.0,0.0,0.0,0.0,0.0,0.0,0.0,0.0,0.0,0.0,SC Paderborn 07,36.0,34.0,1.0,0.0,0.0,0.0,0.0,0.0,17.95
185,2016,0.0,0.0,0.0,0.0,0.0,0.0,57383,5.0,25.2,0.0,0.0,0.0,0.0,0.0,0.0,1.0,0.0,0.0,0.0,0.0,0.0,SC Paderborn 07,54.0,34.0,0.0,0.0,0.0,0.0,0.0,0.0,5.55
185,2017,0.0,0.0,0.0,0.0,0.0,0.0,57433,8.0,24.3,0.0,0.0,0.0,0.0,0.0,0.0,1.0,1.0,1.0,1.0,0.0,0.0,SC Paderborn 07,37.0,36.0,1.0,1.0,1.0,0.0,0.0,0.0,9.3
185,2018,0.0,257.0,143.0,0.0,0.0,0.0,107271,13.0,24.5,1.0,1.0,1.0,0.0,0.0,0.0,1.0,0.0,0.0,1.0,0.0,0.0,SC Paderborn 07,20.0,35.0,1.0,1.0,1.0,0.0,0.0,0.0,25.75
185,2019,59.0,144.0,0.0,0.0,0.0,0.0,238922,15.0,25.3,1.0,0.0,0.0,0.0,0.0,0.0,0.0,0.0,0.0,0.0,0.0,0.0,SC Paderborn 07,18.0,32.0,1.0,0.0,0.0,0.0,0.0,0.0,28.9
185,2020,31.0,342.0,50.0,0.0,0.0,0.0,655483,10.0,25.3,1.0,0.0,0.0,0.0,0.0,0.0,0.0,0.0,0.0,0.0,0.0,0.0,SC Paderborn 07,27.0,35.0,1.0,1.0,0.0,0.0,0.0,0.0,22.68
185,2021,363.0,0.0,0.0,0.0,0.0,0.0,723362,9.0,25.3,1.0,0.0,0.0,0.0,0.0,0.0,0.0,0.0,0.0,0.0,0.0,0.0,SC Paderborn 07,25.0,35.0,0.0,0.0,0.0,0.0,0.0,0.0,19.9
185,2022,143.0,0.0,0.0,0.0,0.0,0.0,968255,9.0,25.0,1.0,0.0,0.0,0.0,0.0,0.0,0.0,1.0,1.0,0.0,0.0,0.0,SC Paderborn 07,24.0,34.0,1.0,1.0,0.0,0.0,0.0,0.0,25.88
186,2012,574.0,531.0,0.0,0.0,0.0,0.0,559974,6.0,24.6,1.0,0.0,0.0,0.0,0.0,0.0,0.0,0.0,0.0,0.0,0.0,0.0,FC St. Pauli,28.0,33.0,1.0,0.0,0.0,0.0,0.0,0.0,22.65
186,2013,240.0,0.0,0.0,0.0,0.0,0.0,559929,4.0,24.8,1.0,0.0,0.0,0.0,0.0,0.0,0.0,0.0,0.0,0.0,0.0,0.0,FC St. Pauli,26.0,29.0,0.0,0.0,0.0,0.0,0.0,0.0,16.0
186,2014,191.0,0.0,0.0,0.0,0.0,0.0,559848,7.0,24.9,1.0,0.0,0.0,0.0,0.0,0.0,0.0,1.0,0.0,0.0,0.0,0.0,FC St. Pauli,33.0,35.0,1.0,0.0,0.0,0.0,0.0,0.0,18.83
186,2015,0.0,0.0,0.0,0.0,0.0,0.0,559806,9.0,24.4,0.0,0.0,0.0,0.0,0.0,0.0,1.0,0.0,0.0,0.0,0.0,0.0,FC St. Pauli,22.0,31.0,0.0,0.0,0.0,0.0,0.0,0.0,21.45
186,2016,59.0,0.0,0.0,0.0,0.0,0.0,57374,11.0,24.3,1.0,0.0,0.0,0.0,0.0,0.0,0.0,1.0,0.0,0.0,0.0,0.0,FC St. Pauli,25.0,35.0,1.0,0.0,0.0,0.0,0.0,0.0,18.05
186,2017,220.0,0.0,0.0,0.0,0.0,0.0,57433,11.0,25.3,1.0,0.0,0.0,0.0,0.0,0.0,0.0,0.0,0.0,0.0,0.0,0.0,FC St. Pauli,29.0,32.0,0.0,0.0,0.0,0.0,0.0,0.0,17.88
186,2018,405.0,0.0,0.0,0.0,0.0,0.0,57509,11.0,25.4,1.0,0.0,0.0,0.0,0.0,0.0,0.0,0.0,0.0,0.0,0.0,0.0,FC St. Pauli,27.0,37.0,0.0,0.0,0.0,0.0,0.0,0.0,21.65
186,2019,59.0,0.0,0.0,0.0,0.0,0.0,238932,17.0,24.7,1.0,0.0,0.0,0.0,0.0,0.0,0.0,1.0,0.0,0.0,0.0,0.0,FC St. Pauli,32.0,42.0,1.0,0.0,0.0,0.0,0.0,0.0,21.98
186,2020,511.0,0.0,0.0,0.0,0.0,0.0,609080,18.0,25.4,1.0,0.0,0.0,0.0,0.0,0.0,0.0,0.0,0.0,0.0,0.0,0.0,FC St. Pauli,28.0,36.0,0.0,0.0,0.0,0.0,0.0,0.0,23.23
186,2021,194.0,387.0,0.0,271.0,0.0,0.0,832027,14.0,25.4,1.0,1.0,0.0,0.0,0.0,0.0,0.0,0.0,1.0,0.0,0.0,0.0,FC St. Pauli,23.0,32.0,1.0,1.0,1.0,0.0,0.0,0.0,25.68
186,2022,344.0,636.0,0.0,0.0,0.0,0.0,958524,17.0,25.0,1.0,0.0,0.0,0.0,0.0,0.0,0.0,0.0,0.0,0.0,0.0,0.0,FC St. Pauli,23.0,33.0,1.0,0.0,0.0,0.0,0.0,0.0,25.05
187,2012,363.0,287.0,0.0,0.0,0.0,0.0,559969,14.0,25.6,1.0,1.0,0.0,0.0,0.0,0.0,0.0,0.0,0.0,0.0,0.0,0.0,MSV Duisburg,29.0,31.0,1.0,0.0,0.0,0.0,0.0,0.0,16.9
187,2013,0.0,0.0,0.0,0.0,0.0,0.0,559931,8.0,24.8,0.0,0.0,0.0,0.0,0.0,0.0,1.0,0.0,0.0,0.0,0.0,0.0,MSV Duisburg,43.0,28.0,0.0,0.0,0.0,0.0,0.0,0.0,6.1
187,2014,0.0,0.0,0.0,0.0,0.0,0.0,559842,6.0,24.3,0.0,0.0,0.0,0.0,0.0,0.0,1.0,1.0,0.0,0.0,0.0,0.0,MSV Duisburg,38.0,39.0,1.0,0.0,0.0,0.0,0.0,0.0,6.28
187,2015,0.0,0.0,0.0,0.0,0.0,0.0,559784,14.0,26.4,0.0,0.0,0.0,0.0,0.0,0.0,1.0,0.0,0.0,0.0,0.0,0.0,MSV Duisburg,34.0,35.0,0.0,0.0,0.0,0.0,0.0,0.0,11.48
187,2016,0.0,0.0,0.0,0.0,0.0,0.0,57392,9.0,25.3,0.0,0.0,0.0,0.0,0.0,0.0,1.0,0.0,0.0,0.0,0.0,0.0,MSV Duisburg,37.0,30.0,0.0,0.0,0.0,0.0,0.0,0.0,7.3
187,2017,0.0,0.0,0.0,0.0,0.0,0.0,57432,12.0,25.9,1.0,0.0,0.0,0.0,0.0,0.0,1.0,0.0,0.0,0.0,0.0,0.0,MSV Duisburg,22.0,28.0,0.0,0.0,0.0,0.0,0.0,0.0,13.1
187,2018,342.0,147.0,0.0,0.0,0.0,0.0,57513,11.0,25.5,1.0,0.0,1.0,0.0,0.0,0.0,0.0,0.0,1.0,0.0,0.0,0.0,MSV Duisburg,36.0,31.0,1.0,1.0,0.0,0.0,0.0,0.0,11.98
187,2019,0.0,0.0,0.0,0.0,0.0,0.0,238919,5.0,25.0,0.0,0.0,0.0,0.0,0.0,0.0,1.0,1.0,0.0,0.0,0.0,0.0,MSV Duisburg,41.0,28.0,1.0,0.0,0.0,0.0,0.0,0.0,6.03
187,2020,0.0,0.0,0.0,0.0,0.0,0.0,574016,8.0,25.2,0.0,0.0,0.0,0.0,0.0,0.0,1.0,0.0,0.0,0.0,0.0,0.0,MSV Duisburg,51.0,32.0,0.0,0.0,0.0,0.0,0.0,0.0,6.25
189,2012,0.0,272.0,0.0,0.0,0.0,0.0,559994,9.0,27.0,0.0,0.0,0.0,0.0,0.0,0.0,1.0,0.0,0.0,0.0,0.0,0.0,SV Sandhausen,35.0,31.0,1.0,0.0,0.0,0.0,0.0,0.0,9.7
189,2013,0.0,279.0,89.0,0.0,0.0,0.0,559930,7.0,25.9,0.0,1.0,0.0,0.0,0.0,0.0,1.0,0.0,0.0,0.0,0.0,0.0,SV Sandhausen,30.0,30.0,1.0,1.0,0.0,0.0,0.0,0.0,11.28
189,2014,299.0,0.0,0.0,0.0,0.0,0.0,559861,10.0,26.3,1.0,0.0,0.0,0.0,0.0,0.0,0.0,0.0,0.0,0.0,0.0,0.0,SV Sandhausen,30.0,33.0,0.0,0.0,0.0,0.0,0.0,0.0,12.4
189,2015,150.0,0.0,0.0,0.0,0.0,0.0,559791,8.0,26.4,1.0,0.0,0.0,0.0,0.0,0.0,0.0,1.0,0.0,0.0,0.0,0.0,SV Sandhausen,31.0,30.0,1.0,0.0,0.0,0.0,0.0,0.0,12.9
189,2016,266.0,159.0,0.0,0.0,0.0,0.0,57383,8.0,26.0,1.0,0.0,0.0,0.0,0.0,0.0,0.0,0.0,1.0,0.0,0.0,0.0,SV Sandhausen,28.0,29.0,1.0,1.0,0.0,0.0,0.0,0.0,12.03
189,2017,139.0,0.0,0.0,0.0,0.0,0.0,57441,12.0,25.9,1.0,0.0,0.0,0.0,0.0,0.0,0.0,0.0,0.0,0.0,0.0,0.0,SV Sandhausen,25.0,34.0,0.0,0.0,0.0,0.0,0.0,0.0,16.0
189,2018,272.0,132.0,0.0,0.0,0.0,0.0,57496,9.0,26.8,1.0,0.0,0.0,0.0,0.0,0.0,0.0,0.0,0.0,0.0,0.0,0.0,SV Sandhausen,33.0,33.0,1.0,0.0,0.0,0.0,0.0,0.0,15.5
189,2019,0.0,0.0,0.0,0.0,0.0,0.0,169046,10.0,27.8,0.0,0.0,0.0,0.0,0.0,0.0,1.0,0.0,0.0,0.0,0.0,0.0,SV Sandhausen,28.0,30.0,0.0,0.0,0.0,0.0,0.0,0.0,13.35
189,2020,70.0,377.0,0.0,0.0,0.0,0.0,646340,10.0,27.8,1.0,0.0,0.0,0.0,0.0,0.0,0.0,0.0,0.0,0.0,0.0,0.0,SV Sandhausen,33.0,34.0,1.0,0.0,0.0,0.0,0.0,0.0,14.53
189,2021,0.0,0.0,0.0,0.0,0.0,0.0,723348,13.0,27.3,0.0,0.0,0.0,0.0,0.0,0.0,1.0,0.0,0.0,0.0,0.0,0.0,SV Sandhausen,32.0,38.0,0.0,0.0,0.0,0.0,0.0,0.0,16.98
189,2022,365.0,0.0,0.0,0.0,0.0,0.0,968254,12.0,27.0,1.0,0.0,0.0,0.0,0.0,0.0,0.0,1.0,1.0,0.0,0.0,0.0,SV Sandhausen,36.0,33.0,1.0,1.0,0.0,0.0,0.0,0.0,15.43
190,2012,0.0,324.0,0.0,0.0,0.0,0.0,559989,5.0,26.1,0.0,0.0,0.0,0.0,0.0,0.0,1.0,0.0,0.0,0.0,0.0,0.0,Erzgebirge AUE,33.0,28.0,1.0,0.0,0.0,0.0,0.0,0.0,13.5
190,2013,371.0,0.0,0.0,0.0,0.0,0.0,559903,10.0,26.6,1.0,0.0,0.0,0.0,0.0,0.0,0.0,0.0,0.0,0.0,0.0,0.0,Erzgebirge AUE,32.0,32.0,0.0,0.0,0.0,0.0,0.0,0.0,12.98
190,2014,86.0,85.0,0.0,0.0,0.0,0.0,559859,13.0,25.4,1.0,1.0,0.0,0.0,0.0,0.0,0.0,0.0,0.0,0.0,0.0,0.0,Erzgebirge AUE,35.0,37.0,1.0,0.0,0.0,0.0,0.0,0.0,13.15
190,2015,0.0,0.0,0.0,0.0,0.0,0.0,559786,6.0,23.8,0.0,0.0,0.0,0.0,0.0,0.0,1.0,1.0,1.0,0.0,0.0,0.0,Erzgebirge AUE,38.0,30.0,1.0,1.0,0.0,0.0,0.0,0.0,6.33
190,2016,0.0,0.0,0.0,0.0,0.0,0.0,57384,7.0,26.0,0.0,0.0,0.0,0.0,0.0,0.0,1.0,0.0,0.0,0.0,0.0,0.0,Erzgebirge Aue,32.0,30.0,0.0,0.0,0.0,0.0,0.0,0.0,11.68
190,2017,321.0,0.0,0.0,0.0,0.0,0.0,57436,11.0,25.9,1.0,0.0,0.0,0.0,0.0,0.0,0.0,0.0,0.0,0.0,0.0,0.0,Erzgebirge Aue,33.0,30.0,0.0,0.0,0.0,0.0,0.0,0.0,13.28
190,2018,0.0,0.0,0.0,0.0,0.0,0.0,57495,7.0,25.0,0.0,0.0,0.0,0.0,0.0,0.0,1.0,0.0,0.0,0.0,0.0,0.0,Erzgebirge Aue,32.0,35.0,0.0,0.0,0.0,0.0,0.0,0.0,14.78
190,2019,168.0,418.0,0.0,0.0,0.0,0.0,238924,8.0,26.3,1.0,0.0,0.0,0.0,0.0,0.0,0.0,0.0,0.0,0.0,0.0,0.0,Erzgebirge AUE,25.0,29.0,1.0,0.0,0.0,0.0,0.0,0.0,13.68
190,2020,313.0,0.0,0.0,0.0,0.0,0.0,609071,6.0,26.6,1.0,0.0,0.0,0.0,0.0,0.0,0.0,0.0,0.0,0.0,0.0,0.0,Erzgebirge AUE,30.0,28.0,0.0,0.0,0.0,0.0,0.0,0.0,13.83
190,2021,225.0,0.0,0.0,0.0,0.0,0.0,723338,11.0,25.9,1.0,0.0,0.0,0.0,0.0,0.0,0.0,0.0,0.0,0.0,0.0,0.0,Erzgebirge AUE,35.0,34.0,0.0,0.0,0.0,0.0,0.0,0.0,11.0
190,2022,0.0,0.0,0.0,0.0,0.0,0.0,864342,4.0,25.6,0.0,0.0,0.0,0.0,0.0,0.0,1.0,0.0,0.0,0.0,0.0,0.0,Erzgebirge AUE,50.0,32.0,0.0,0.0,0.0,0.0,0.0,0.0,6.6
191,2014,0.0,0.0,0.0,0.0,0.0,0.0,559855,6.0,25.1,0.0,0.0,0.0,0.0,0.0,0.0,1.0,0.0,0.0,0.0,0.0,0.0,Holstein Kiel,39.0,34.0,0.0,0.0,0.0,0.0,0.0,0.0,7.43
191,2015,0.0,0.0,0.0,0.0,0.0,0.0,559789,7.0,24.9,0.0,0.0,0.0,0.0,0.0,0.0,1.0,0.0,0.0,0.0,0.0,0.0,Holstein Kiel,50.0,31.0,0.0,0.0,0.0,0.0,0.0,0.0,7.23
191,2017,0.0,499.0,0.0,0.0,0.0,0.0,57458,5.0,25.8,0.0,0.0,0.0,0.0,0.0,0.0,1.0,0.0,0.0,0.0,0.0,0.0,Holstein Kiel,21.0,29.0,1.0,0.0,0.0,0.0,0.0,0.0,18.15
191,2018,700.0,0.0,0.0,0.0,0.0,0.0,57514,8.0,24.0,1.0,0.0,0.0,0.0,0.0,0.0,0.0,1.0,1.0,0.0,0.0,0.0,Holstein Kiel,24.0,31.0,1.0,1.0,0.0,0.0,0.0,0.0,24.93
191,2019,539.0,294.0,0.0,0.0,0.0,0.0,238918,8.0,24.3,1.0,1.0,0.0,0.0,0.0,0.0,0.0,0.0,0.0,0.0,0.0,0.0,Holstein Kiel,29.0,29.0,1.0,0.0,0.0,0.0,0.0,0.0,18.65
191,2020,739.0,0.0,0.0,381.0,350.0,0.0,682740,5.0,25.9,1.0,0.0,1.0,1.0,0.0,0.0,0.0,1.0,1.0,0.0,0.0,0.0,Holstein Kiel,21.0,28.0,1.0,1.0,1.0,1.0,0.0,0.0,21.35
191,2021,68.0,570.0,0.0,0.0,0.0,0.0,788045,7.0,26.2,1.0,0.0,0.0,0.0,0.0,0.0,0.0,0.0,0.0,0.0,0.0,0.0,Holstein Kiel,27.0,34.0,1.0,0.0,0.0,0.0,0.0,0.0,16.85
191,2022,547.0,0.0,0.0,0.0,0.0,0.0,864338,6.0,27.1,1.0,0.0,0.0,0.0,0.0,0.0,0.0,0.0,0.0,0.0,0.0,0.0,Holstein Kiel,26.0,33.0,0.0,0.0,0.0,0.0,0.0,0.0,17.88
192,2012,465.0,175.0,287.0,0.0,0.0,0.0,559972,14.0,24.0,1.0,1.0,0.0,0.0,0.0,0.0,0.0,0.0,0.0,0.0,0.0,0.0,1.FC KÃ¶ln,23.0,31.0,1.0,1.0,0.0,0.0,0.0,0.0,24.35
192,2013,128.0,139.0,476.0,0.0,0.0,0.0,559916,14.0,24.4,1.0,0.0,0.0,0.0,0.0,0.0,0.0,0.0,0.0,0.0,0.0,0.0,1.FC KÃ¶ln,19.0,29.0,1.0,1.0,0.0,0.0,0.0,0.0,30.25
192,2014,293.0,53.0,332.0,0.0,0.0,0.0,559851,14.0,25.4,1.0,1.0,1.0,0.0,0.0,0.0,0.0,0.0,0.0,0.0,0.0,0.0,1.FC KÃ¶ln,12.0,27.0,1.0,1.0,0.0,0.0,0.0,0.0,50.75
192,2015,201.0,275.0,0.0,0.0,0.0,0.0,559780,12.0,25.0,1.0,1.0,0.0,0.0,0.0,0.0,0.0,0.0,0.0,0.0,0.0,0.0,1.FC KÃ¶ln,9.0,25.0,1.0,0.0,0.0,0.0,0.0,0.0,68.63
192,2016,477.0,0.0,476.0,0.0,0.0,0.0,57366,14.0,25.4,1.0,1.0,1.0,0.0,0.0,0.0,0.0,1.0,0.0,0.0,0.0,0.0,1.FC KÃ¶ln,5.0,30.0,1.0,1.0,0.0,0.0,0.0,0.0,116.15
192,2017,281.0,473.0,73.0,0.0,0.0,0.0,57453,19.0,24.5,1.0,0.0,0.0,0.0,0.0,0.0,0.0,0.0,0.0,0.0,0.0,0.0,1.FC KÃ¶ln,18.0,38.0,1.0,1.0,0.0,0.0,0.0,0.0,91.73
192,2018,489.0,0.0,0.0,0.0,0.0,0.0,57485,13.0,25.0,1.0,0.0,0.0,0.0,0.0,0.0,0.0,1.0,0.0,0.0,0.0,0.0,1.FC KÃ¶ln,19.0,34.0,1.0,0.0,0.0,0.0,0.0,0.0,83.5
192,2019,134.0,186.0,0.0,0.0,0.0,0.0,238920,15.0,25.3,1.0,1.0,0.0,0.0,0.0,0.0,0.0,0.0,0.0,0.0,0.0,0.0,1.FC KÃ¶ln,14.0,35.0,1.0,0.0,0.0,0.0,0.0,0.0,98.48
192,2020,489.0,0.0,427.0,0.0,0.0,0.0,655485,18.0,24.9,1.0,1.0,1.0,0.0,0.0,0.0,0.0,1.0,0.0,0.0,0.0,0.0,1.FC KÃ¶ln,16.0,36.0,1.0,1.0,0.0,0.0,0.0,0.0,118.2
192,2021,329.0,287.0,0.0,0.0,0.0,0.0,810123,13.0,25.4,1.0,1.0,1.0,0.0,0.0,0.0,0.0,0.0,1.0,0.0,0.0,0.0,1.FC KÃ¶ln,7.0,31.0,1.0,1.0,0.0,0.0,0.0,0.0,99.28
192,2022,427.0,0.0,0.0,0.0,0.0,0.0,864317,16.0,24.9,1.0,0.0,0.0,0.0,0.0,0.0,0.0,0.0,0.0,0.0,0.0,0.0,1.FC KÃ¶ln,11.0,39.0,0.0,0.0,0.0,0.0,0.0,0.0,115.65
745,2012,596.0,310.0,0.0,0.0,0.0,0.0,559991,17.0,25.3,1.0,0.0,0.0,0.0,0.0,0.0,0.0,0.0,0.0,0.0,0.0,0.0,FC Kaiserslautern,21.0,38.0,1.0,0.0,0.0,0.0,0.0,0.0,35.3
745,2013,112.0,0.0,527.0,184.0,310.0,0.0,559908,16.0,25.2,1.0,0.0,1.0,0.0,0.0,0.0,0.0,1.0,0.0,0.0,0.0,0.0,FC Kaiserslautern,22.0,32.0,1.0,1.0,1.0,1.0,0.0,0.0,25.5
745,2014,78.0,0.0,184.0,0.0,0.0,0.0,559852,11.0,23.8,1.0,0.0,0.0,0.0,0.0,0.0,0.0,1.0,0.0,0.0,0.0,0.0,FC Kaiserslautern,22.0,30.0,1.0,1.0,0.0,0.0,0.0,0.0,25.05
745,2015,596.0,232.0,0.0,0.0,0.0,0.0,559800,12.0,24.3,1.0,1.0,0.0,0.0,0.0,0.0,0.0,0.0,0.0,0.0,0.0,0.0,FC Kaiserslautern,28.0,33.0,1.0,0.0,0.0,0.0,0.0,0.0,19.05
745,2016,373.0,0.0,0.0,0.0,0.0,0.0,57342,13.0,24.3,1.0,0.0,0.0,0.0,0.0,0.0,0.0,0.0,0.0,0.0,0.0,0.0,FC Kaiserslautern,31.0,34.0,0.0,0.0,0.0,0.0,0.0,0.0,21.0
745,2017,509.0,0.0,0.0,0.0,0.0,0.0,57456,18.0,24.1,1.0,0.0,0.0,0.0,0.0,0.0,0.0,1.0,0.0,0.0,0.0,0.0,FC Kaiserslautern,36.0,35.0,1.0,0.0,0.0,0.0,0.0,0.0,21.63
745,2018,0.0,0.0,0.0,0.0,0.0,0.0,57499,5.0,23.8,0.0,0.0,0.0,0.0,0.0,0.0,1.0,0.0,0.0,0.0,0.0,0.0,FC Kaiserslautern,45.0,33.0,0.0,0.0,0.0,0.0,0.0,0.0,6.58
745,2019,0.0,0.0,0.0,0.0,0.0,0.0,250170,8.0,24.1,0.0,0.0,0.0,0.0,0.0,0.0,1.0,1.0,1.0,0.0,0.0,0.0,FC Kaiserslautern,46.0,42.0,1.0,1.0,0.0,0.0,0.0,0.0,9.38
745,2020,0.0,0.0,0.0,0.0,0.0,0.0,609076,6.0,24.3,0.0,0.0,0.0,0.0,0.0,0.0,1.0,0.0,0.0,0.0,0.0,0.0,FC Kaiserslautern,50.0,42.0,0.0,0.0,0.0,0.0,0.0,0.0,8.45
745,2021,0.0,0.0,0.0,0.0,0.0,0.0,723345,4.0,25.1,0.0,0.0,0.0,0.0,0.0,0.0,1.0,0.0,0.0,0.0,0.0,0.0,FC Kaiserslautern,39.0,31.0,0.0,0.0,0.0,0.0,0.0,0.0,8.35
745,2022,0.0,0.0,0.0,0.0,0.0,0.0,864335,5.0,27.1,0.0,0.0,0.0,0.0,0.0,0.0,1.0,0.0,0.0,0.0,0.0,0.0,FC Kaiserslautern,27.0,30.0,0.0,0.0,0.0,0.0,0.0,0.0,14.58
784,2014,0.0,0.0,0.0,0.0,0.0,0.0,559864,1.0,27.3,0.0,0.0,0.0,0.0,0.0,0.0,1.0,1.0,0.0,0.0,0.0,0.0,FC Wurzburger Kickers,80.0,27.0,1.0,0.0,0.0,0.0,0.0,0.0,5.4
784,2015,0.0,0.0,0.0,0.0,0.0,0.0,559785,4.0,26.4,0.0,0.0,0.0,0.0,0.0,0.0,1.0,0.0,0.0,0.0,0.0,0.0,FC Wurzburger Kickers,39.0,28.0,0.0,0.0,0.0,0.0,0.0,0.0,5.85
784,2016,0.0,0.0,0.0,0.0,0.0,0.0,57377,9.0,26.7,0.0,0.0,0.0,0.0,0.0,0.0,1.0,1.0,0.0,0.0,0.0,0.0,FC Wurzburger Kickers,35.0,28.0,1.0,0.0,0.0,0.0,0.0,0.0,10.18
784,2017,0.0,0.0,0.0,0.0,0.0,0.0,57446,3.0,24.2,0.0,0.0,0.0,0.0,0.0,0.0,1.0,0.0,0.0,0.0,0.0,0.0,FC Wurzburger Kickers,46.0,28.0,0.0,0.0,0.0,0.0,0.0,0.0,6.15
784,2019,0.0,0.0,0.0,0.0,0.0,0.0,169038,7.0,23.4,0.0,0.0,0.0,0.0,0.0,0.0,1.0,0.0,0.0,0.0,0.0,0.0,FC Wurzburger Kickers,38.0,43.0,0.0,0.0,0.0,0.0,0.0,0.0,8.28
784,2020,0.0,0.0,0.0,0.0,0.0,0.0,574020,15.0,25.9,0.0,0.0,0.0,0.0,0.0,0.0,1.0,0.0,0.0,0.0,0.0,0.0,FC Wurzburger Kickers,36.0,39.0,0.0,0.0,0.0,0.0,0.0,0.0,11.03
784,2021,0.0,0.0,0.0,0.0,0.0,0.0,723353,8.0,24.6,0.0,0.0,0.0,0.0,0.0,0.0,1.0,0.0,0.0,0.0,0.0,0.0,FC Wurzburger Kickers,54.0,30.0,0.0,0.0,0.0,0.0,0.0,0.0,5.0
785,2012,0.0,0.0,0.0,0.0,0.0,0.0,559983,9.0,24.3,0.0,0.0,0.0,0.0,0.0,0.0,1.0,1.0,1.0,0.0,0.0,0.0,Karlsruher SC,37.0,32.0,1.0,1.0,0.0,0.0,0.0,0.0,11.25
785,2013,0.0,0.0,0.0,0.0,0.0,0.0,559917,8.0,24.3,0.0,0.0,0.0,0.0,0.0,0.0,1.0,0.0,0.0,0.0,0.0,0.0,Karlsruher SC,23.0,30.0,0.0,0.0,0.0,0.0,0.0,0.0,13.4
785,2014,607.0,123.0,0.0,0.0,0.0,0.0,559863,10.0,25.0,1.0,1.0,0.0,0.0,0.0,0.0,0.0,0.0,0.0,0.0,0.0,0.0,Karlsruher SC,21.0,31.0,1.0,0.0,0.0,0.0,0.0,0.0,17.25
785,2015,83.0,0.0,0.0,0.0,0.0,0.0,559808,10.0,24.8,1.0,0.0,0.0,0.0,0.0,0.0,0.0,0.0,0.0,0.0,0.0,0.0,Karlsruher SC,25.0,33.0,0.0,0.0,0.0,0.0,0.0,0.0,20.53
785,2016,254.0,0.0,0.0,0.0,0.0,0.0,57336,17.0,23.9,0.0,0.0,0.0,0.0,0.0,0.0,0.0,0.0,0.0,0.0,0.0,0.0,Karlsruher SC,36.0,40.0,0.0,0.0,0.0,0.0,0.0,0.0,13.43
785,2017,0.0,0.0,0.0,0.0,0.0,0.0,57459,11.0,24.1,0.0,0.0,0.0,0.0,0.0,0.0,1.0,0.0,0.0,0.0,0.0,0.0,Karlsruher SC,41.0,45.0,0.0,0.0,0.0,0.0,0.0,0.0,6.68
785,2018,0.0,0.0,0.0,0.0,0.0,0.0,57489,9.0,25.0,0.0,0.0,0.0,0.0,0.0,0.0,1.0,0.0,0.0,0.0,0.0,0.0,Karlsruher SC,38.0,31.0,0.0,0.0,0.0,0.0,0.0,0.0,9.95
785,2019,0.0,96.0,106.0,0.0,0.0,0.0,250168,10.0,25.8,0.0,0.0,1.0,0.0,0.0,0.0,1.0,0.0,0.0,0.0,0.0,0.0,Karlsruher SC,33.0,33.0,1.0,1.0,0.0,0.0,0.0,0.0,9.88
785,2020,0.0,0.0,0.0,0.0,0.0,0.0,574022,9.0,25.1,0.0,0.0,0.0,0.0,0.0,0.0,1.0,0.0,0.0,0.0,0.0,0.0,Karlsruher SC,24.0,32.0,0.0,0.0,0.0,0.0,0.0,0.0,15.4
785,2021,363.0,245.0,254.0,280.0,0.0,0.0,832028,8.0,25.3,1.0,0.0,1.0,0.0,0.0,0.0,0.0,0.0,0.0,0.0,0.0,0.0,Karlsruher SC,30.0,35.0,1.0,1.0,1.0,0.0,0.0,0.0,17.6
785,2022,582.0,39.0,0.0,0.0,0.0,0.0,958527,11.0,26.3,1.0,1.0,0.0,0.0,0.0,0.0,0.0,0.0,0.0,0.0,0.0,0.0,Karlsruher SC,25.0,33.0,1.0,0.0,0.0,0.0,0.0,0.0,22.08
786,2012,429.0,627.0,489.0,0.0,0.0,0.0,559984,11.0,25.5,1.0,1.0,1.0,0.0,0.0,0.0,0.0,0.0,0.0,0.0,0.0,0.0,TSV 1860 Munich,24.0,33.0,1.0,1.0,0.0,0.0,0.0,0.0,17.33
786,2013,122.0,0.0,0.0,0.0,0.0,0.0,559904,7.0,25.7,1.0,0.0,0.0,0.0,0.0,0.0,0.0,1.0,0.0,0.0,0.0,0.0,TSV 1860 Munich,25.0,30.0,1.0,0.0,0.0,0.0,0.0,0.0,16.85
786,2014,700.0,0.0,0.0,0.0,0.0,0.0,559855,18.0,25.4,1.0,0.0,0.0,0.0,0.0,0.0,0.0,1.0,0.0,0.0,0.0,0.0,TSV 1860 Munich,34.0,36.0,1.0,0.0,0.0,0.0,0.0,0.0,19.7
786,2015,0.0,321.0,0.0,0.0,0.0,0.0,559788,16.0,25.1,0.0,0.0,0.0,0.0,0.0,0.0,1.0,0.0,1.0,0.0,0.0,0.0,TSV 1860 Munich,33.0,36.0,1.0,1.0,0.0,0.0,0.0,0.0,17.13
786,2016,0.0,222.0,532.0,0.0,0.0,0.0,57377,22.0,25.3,0.0,1.0,1.0,0.0,0.0,0.0,1.0,0.0,0.0,0.0,0.0,0.0,TSV 1860 Munich,34.0,39.0,1.0,1.0,0.0,0.0,0.0,0.0,16.1
786,2017,0.0,0.0,0.0,0.0,0.0,0.0,57444,12.541666666666666,25.066666666666666,0.0,0.0,0.0,0.0,0.0,0.0,1.0,0.0,0.0,0.0,0.0,0.0,TSV 1860 Munich,80.0,32.208333333333336,0.0,0.0,0.0,0.0,0.0,0.0,40.94375
786,2018,0.0,0.0,0.0,0.0,0.0,0.0,57484,6.0,25.8,0.0,0.0,0.0,0.0,0.0,0.0,1.0,0.0,0.0,0.0,0.0,0.0,TSV 1860 Munich,48.0,30.0,0.0,0.0,0.0,0.0,0.0,0.0,5.23
786,2020,0.0,0.0,0.0,0.0,0.0,0.0,609065,6.0,24.4,0.0,0.0,0.0,0.0,0.0,0.0,1.0,0.0,0.0,0.0,0.0,0.0,TSV 1860 Munich,40.0,28.0,0.0,0.0,0.0,0.0,0.0,0.0,6.25
786,2021,0.0,0.0,0.0,0.0,0.0,0.0,810120,6.0,24.0,0.0,0.0,0.0,0.0,0.0,0.0,1.0,1.0,1.0,0.0,0.0,0.0,TSV 1860 Munich,40.0,34.0,1.0,1.0,0.0,0.0,0.0,0.0,6.28
786,2022,0.0,0.0,0.0,0.0,0.0,0.0,864334,9.0,24.8,0.0,0.0,0.0,0.0,0.0,0.0,1.0,0.0,0.0,0.0,0.0,0.0,TSV 1860 Munich,44.0,33.0,0.0,0.0,0.0,0.0,0.0,0.0,8.68
1313,2012,0.0,0.0,0.0,0.0,0.0,0.0,559990,9.0,25.7,0.0,0.0,0.0,0.0,0.0,0.0,1.0,1.0,0.0,0.0,0.0,0.0,Preussen Munster,40.0,31.0,1.0,0.0,0.0,0.0,0.0,0.0,5.83
1313,2013,0.0,0.0,0.0,0.0,0.0,0.0,559929,7.0,26.6,0.0,0.0,0.0,0.0,0.0,0.0,1.0,1.0,0.0,0.0,0.0,0.0,Preussen Munster,42.0,35.0,1.0,0.0,0.0,0.0,0.0,0.0,7.45
1313,2014,0.0,0.0,0.0,0.0,0.0,0.0,559860,4.0,27.3,0.0,0.0,0.0,0.0,0.0,0.0,1.0,0.0,0.0,0.0,0.0,0.0,Preussen Munster,44.0,27.0,0.0,0.0,0.0,0.0,0.0,0.0,5.9
1313,2021,0.0,0.0,0.0,0.0,0.0,0.0,788036,1.0,26.4,0.0,0.0,0.0,0.0,0.0,0.0,1.0,0.0,0.0,0.0,0.0,0.0,Preussen Munster,80.0,31.0,0.0,0.0,0.0,0.0,0.0,0.0,4.6
1314,2012,0.0,0.0,0.0,0.0,0.0,0.0,559972,2.0,21.9,0.0,0.0,0.0,0.0,0.0,0.0,1.0,0.0,0.0,0.0,0.0,0.0,SpVgg Unterhaching,45.0,38.0,0.0,0.0,0.0,0.0,0.0,0.0,6.1
1314,2015,0.0,0.0,0.0,0.0,0.0,0.0,559798,8.0,25.1375,0.0,0.0,0.0,0.0,0.0,0.0,1.0,1.0,1.0,0.0,0.0,0.0,SpVgg Unterhaching,80.0,33.0,1.0,1.0,0.0,0.0,0.0,0.0,7.22125
1314,2016,0.0,0.0,0.0,0.0,0.0,0.0,57395,4.0,26.7,0.0,0.0,0.0,0.0,0.0,0.0,1.0,0.0,0.0,0.0,0.0,0.0,SpVgg Unterhaching,80.0,28.0,0.0,0.0,0.0,0.0,0.0,0.0,5.95
1314,2017,0.0,0.0,0.0,0.0,0.0,0.0,57455,2.0,26.3,0.0,0.0,0.0,0.0,0.0,0.0,1.0,0.0,0.0,0.0,0.0,0.0,SpVgg Unterhaching,43.0,27.0,0.0,0.0,0.0,0.0,0.0,0.0,4.75
1315,2016,0.0,0.0,0.0,0.0,0.0,0.0,57381,4.0,26.7,0.0,0.0,0.0,0.0,0.0,0.0,1.0,0.0,0.0,0.0,0.0,0.0,FSV Zwickau,41.0,28.0,0.0,0.0,0.0,0.0,0.0,0.0,5.95
1316,2012,0.0,0.0,0.0,0.0,0.0,0.0,559969,0.0,27.0,0.0,0.0,0.0,0.0,0.0,0.0,1.0,0.0,0.0,0.0,0.0,0.0,Hallescher FC,46.0,26.0,0.0,0.0,0.0,0.0,0.0,0.0,5.18
1316,2015,0.0,0.0,0.0,0.0,0.0,0.0,559781,7.0,25.2,0.0,0.0,0.0,0.0,0.0,0.0,1.0,0.0,0.0,0.0,0.0,0.0,Hallescher FC,49.0,28.0,0.0,0.0,0.0,0.0,0.0,0.0,5.85
1316,2016,0.0,0.0,0.0,0.0,0.0,0.0,57375,7.0,23.9,0.0,0.0,0.0,0.0,0.0,0.0,1.0,1.0,0.0,0.0,0.0,0.0,Hallescher FC,49.0,30.0,1.0,0.0,0.0,0.0,0.0,0.0,5.95
1316,2019,0.0,0.0,0.0,0.0,0.0,0.0,169043,1.0,24.9,0.0,0.0,0.0,0.0,0.0,0.0,1.0,0.0,0.0,0.0,0.0,0.0,Hallescher FC,51.0,28.0,0.0,0.0,0.0,0.0,0.0,0.0,6.05
1317,2012,0.0,0.0,0.0,0.0,0.0,0.0,559966,0.0,27.0,0.0,0.0,0.0,0.0,0.0,0.0,1.0,0.0,0.0,0.0,0.0,0.0,SG Sonnenhof Grossaspach,80.0,26.0,0.0,0.0,0.0,0.0,0.0,0.0,5.18
1318,2015,0.0,0.0,0.0,0.0,0.0,0.0,559780,4.0,26.4,0.0,0.0,0.0,0.0,0.0,0.0,1.0,0.0,0.0,0.0,0.0,0.0,SV Meppen,80.0,28.0,0.0,0.0,0.0,0.0,0.0,0.0,5.85
1318,2021,0.0,0.0,0.0,0.0,0.0,0.0,723339,1.0,26.4,0.0,0.0,0.0,0.0,0.0,0.0,1.0,0.0,0.0,0.0,0.0,0.0,SV Meppen,48.0,38.0,0.0,0.0,0.0,0.0,0.0,0.0,4.6
1320,2012,485.0,0.0,0.0,0.0,0.0,0.0,559994,11.0,25.5,1.0,0.0,0.0,0.0,0.0,0.0,0.0,0.0,0.0,0.0,0.0,0.0,Energie Cottbus,26.0,34.0,0.0,0.0,0.0,0.0,0.0,0.0,15.1
1320,2013,190.0,477.0,0.0,0.0,0.0,0.0,559912,16.0,25.2,1.0,0.0,0.0,0.0,0.0,0.0,0.0,0.0,0.0,0.0,0.0,0.0,Energie Cottbus,36.0,36.0,1.0,0.0,0.0,0.0,0.0,0.0,10.53
1320,2014,0.0,0.0,0.0,0.0,0.0,0.0,559869,10.0,23.6,0.0,0.0,0.0,0.0,0.0,0.0,1.0,0.0,0.0,0.0,0.0,0.0,Energie Cottbus,43.0,39.0,0.0,0.0,0.0,0.0,0.0,0.0,5.9
1320,2015,0.0,0.0,0.0,0.0,0.0,0.0,559802,12.0,24.8,0.0,0.0,0.0,0.0,0.0,0.0,1.0,0.0,0.0,0.0,0.0,0.0,Energie Cottbus,55.0,37.0,0.0,0.0,0.0,0.0,0.0,0.0,6.48
1320,2017,0.0,0.0,0.0,0.0,0.0,0.0,57434,2.0,26.3,0.0,0.0,0.0,0.0,0.0,0.0,1.0,0.0,0.0,0.0,0.0,0.0,Energie Cottbus,80.0,27.0,0.0,0.0,0.0,0.0,0.0,0.0,4.75
1320,2018,0.0,0.0,0.0,0.0,0.0,0.0,57480,6.0,25.8,0.0,0.0,0.0,0.0,0.0,0.0,1.0,0.0,0.0,0.0,0.0,0.0,Energie Cottbus,53.0,30.0,0.0,0.0,0.0,0.0,0.0,0.0,5.23
1320,2019,0.0,0.0,0.0,0.0,0.0,0.0,169053,8.363636363636363,25.036363636363635,0.0,0.0,0.0,0.0,0.0,0.0,1.0,0.0,0.0,0.0,0.0,0.0,Energie Cottbus,80.0,36.72727272727273,0.0,0.0,0.0,0.0,0.0,0.0,9.265454545454546
1320,2022,0.0,0.0,0.0,0.0,0.0,0.0,864343,2.0,27.1,0.0,0.0,0.0,0.0,0.0,0.0,1.0,0.0,0.0,0.0,0.0,0.0,Energie Cottbus,80.0,30.0,0.0,0.0,0.0,0.0,0.0,0.0,6.8
1321,2012,0.0,0.0,0.0,0.0,0.0,0.0,559991,13.0,24.6,0.0,0.0,0.0,0.0,0.0,0.0,1.0,0.0,0.0,0.0,0.0,0.0,Hansa Rostock,48.0,32.0,0.0,0.0,0.0,0.0,0.0,0.0,7.35
1321,2015,0.0,0.0,0.0,0.0,0.0,0.0,559800,5.0,24.9,0.0,0.0,0.0,0.0,0.0,0.0,1.0,0.0,0.0,0.0,0.0,0.0,Hansa Rostock,46.0,33.0,0.0,0.0,0.0,0.0,0.0,0.0,6.85
1321,2016,0.0,0.0,0.0,0.0,0.0,0.0,57398,6.0,25.5,0.0,0.0,0.0,0.0,0.0,0.0,1.0,0.0,0.0,0.0,0.0,0.0,Hansa Rostock,51.0,31.0,0.0,0.0,0.0,0.0,0.0,0.0,6.53
1321,2017,0.0,0.0,0.0,0.0,0.0,0.0,57430,7.0,24.4,0.0,0.0,0.0,0.0,0.0,0.0,1.0,0.0,0.0,0.0,0.0,0.0,Hansa Rostock,40.0,29.0,0.0,0.0,0.0,0.0,0.0,0.0,6.3
1321,2018,0.0,0.0,0.0,0.0,0.0,0.0,57494,8.0,25.4,0.0,0.0,0.0,0.0,0.0,0.0,1.0,1.0,0.0,0.0,0.0,0.0,Hansa Rostock,42.0,30.0,1.0,0.0,0.0,0.0,0.0,0.0,6.55
1321,2019,0.0,0.0,0.0,0.0,0.0,0.0,169058,8.0,24.7,0.0,0.0,0.0,0.0,0.0,0.0,1.0,0.0,0.0,0.0,0.0,0.0,Hansa Rostock,42.0,42.0,0.0,0.0,0.0,0.0,0.0,0.0,9.18
1321,2020,0.0,0.0,0.0,0.0,0.0,0.0,609079,4.0,25.7,0.0,0.0,0.0,0.0,0.0,0.0,1.0,0.0,0.0,0.0,0.0,0.0,Hansa Rostock,38.0,30.0,0.0,0.0,0.0,0.0,0.0,0.0,7.08
1321,2021,0.0,565.0,305.0,0.0,0.0,0.0,810124,8.0,26.3,0.0,1.0,0.0,0.0,0.0,0.0,1.0,0.0,0.0,0.0,0.0,0.0,Hansa Rostock,31.0,35.0,1.0,1.0,0.0,0.0,0.0,0.0,13.5
1321,2022,95.0,0.0,0.0,0.0,0.0,0.0,864319,13.0,26.1,1.0,0.0,0.0,0.0,0.0,0.0,0.0,0.0,0.0,0.0,0.0,0.0,Hansa Rostock,31.0,35.0,0.0,0.0,0.0,0.0,0.0,0.0,14.3
1322,2019,0.0,0.0,0.0,0.0,0.0,0.0,169045,12.0,26.6,0.0,0.0,0.0,0.0,0.0,0.0,1.0,0.0,0.0,0.0,0.0,0.0,KFC Uerdingen 05,49.0,35.0,0.0,0.0,0.0,0.0,0.0,0.0,8.6
1323,2015,0.0,0.0,0.0,0.0,0.0,0.0,559783,4.0,26.4,0.0,0.0,0.0,0.0,0.0,0.0,1.0,0.0,0.0,0.0,0.0,0.0,Sportfreunde Lotte,80.0,28.0,0.0,0.0,0.0,0.0,0.0,0.0,5.85
1323,2016,0.0,0.0,0.0,0.0,0.0,0.0,57394,4.0,26.7,0.0,0.0,0.0,0.0,0.0,0.0,1.0,1.0,1.0,1.0,0.0,0.0,Sportfreunde Lotte,48.0,28.0,1.0,1.0,1.0,0.0,0.0,0.0,5.95
1323,2021,0.0,0.0,0.0,0.0,0.0,0.0,723349,1.0,26.4,0.0,0.0,0.0,0.0,0.0,0.0,1.0,0.0,0.0,0.0,0.0,0.0,Sportfreunde Lotte,80.0,31.0,0.0,0.0,0.0,0.0,0.0,0.0,4.6
1324,2013,0.0,0.0,0.0,0.0,0.0,0.0,559903,6.0,24.7,0.0,0.0,0.0,0.0,0.0,0.0,1.0,1.0,0.0,0.0,0.0,0.0,VfL Osnabruck,41.0,34.0,1.0,0.0,0.0,0.0,0.0,0.0,6.78
1324,2015,0.0,0.0,0.0,0.0,0.0,0.0,559804,5.0,25.2,0.0,0.0,0.0,0.0,0.0,0.0,1.0,0.0,0.0,0.0,0.0,0.0,VfL Osnabruck,41.0,31.0,0.0,0.0,0.0,0.0,0.0,0.0,6.2
1324,2017,0.0,0.0,0.0,0.0,0.0,0.0,57445,10.0,24.7,0.0,0.0,0.0,0.0,0.0,0.0,1.0,1.0,0.0,0.0,0.0,0.0,VfL Osnabruck,53.0,34.0,1.0,0.0,0.0,0.0,0.0,0.0,6.53
1324,2019,0.0,0.0,0.0,0.0,0.0,0.0,169067,10.0,26.1,0.0,0.0,0.0,0.0,0.0,0.0,1.0,0.0,0.0,0.0,0.0,0.0,VfL Osnabruck,31.0,31.0,0.0,0.0,0.0,0.0,0.0,0.0,12.03
1324,2020,229.0,173.0,0.0,0.0,0.0,0.0,646336,9.0,26.3,1.0,0.0,0.0,0.0,0.0,0.0,0.0,0.0,0.0,0.0,0.0,0.0,VfL Osnabruck,34.0,32.0,1.0,0.0,0.0,0.0,0.0,0.0,13.15
1324,2021,0.0,0.0,0.0,0.0,0.0,0.0,788038,5.0,24.0,0.0,0.0,0.0,0.0,0.0,0.0,1.0,1.0,0.0,0.0,0.0,0.0,VfL Osnabruck,42.0,33.0,1.0,0.0,0.0,0.0,0.0,0.0,6.15
1325,2012,0.0,0.0,0.0,0.0,0.0,0.0,559976,5.466666666666667,25.326666666666664,0.0,0.0,0.0,0.0,0.0,0.0,1.0,0.0,0.0,0.0,0.0,0.0,Carl Zeiss Jena,80.0,30.333333333333332,0.0,0.0,0.0,0.0,0.0,0.0,7.6080000000000005
1325,2014,0.0,0.0,0.0,0.0,0.0,0.0,559859,1.0,27.3,0.0,0.0,0.0,0.0,0.0,0.0,1.0,0.0,0.0,0.0,0.0,0.0,Carl Zeiss Jena,80.0,27.0,0.0,0.0,0.0,0.0,0.0,0.0,5.4
1325,2015,0.0,0.0,0.0,0.0,0.0,0.0,559790,4.0,26.4,0.0,0.0,0.0,0.0,0.0,0.0,1.0,1.0,0.0,0.0,0.0,0.0,Carl Zeiss Jena,80.0,28.0,1.0,0.0,0.0,0.0,0.0,0.0,5.85
1325,2016,0.0,0.0,0.0,0.0,0.0,0.0,57346,4.0,26.7,0.0,0.0,0.0,0.0,0.0,0.0,1.0,0.0,0.0,0.0,0.0,0.0,Carl Zeiss Jena,80.0,28.0,0.0,0.0,0.0,0.0,0.0,0.0,5.95
1325,2018,0.0,0.0,0.0,0.0,0.0,0.0,57483,6.0,24.1,0.0,0.0,0.0,0.0,0.0,0.0,1.0,0.0,0.0,0.0,0.0,0.0,Carl Zeiss Jena,50.0,34.0,0.0,0.0,0.0,0.0,0.0,0.0,5.23
1325,2020,0.0,0.0,0.0,0.0,0.0,0.0,609072,7.375,24.974999999999998,0.0,0.0,0.0,0.0,0.0,0.0,1.0,0.0,0.0,0.0,0.0,0.0,Carl Zeiss Jena,80.0,34.0,0.0,0.0,0.0,0.0,0.0,0.0,7.5337499999999995
1325,2021,0.0,0.0,0.0,0.0,0.0,0.0,723351,1.0,26.4,0.0,0.0,0.0,0.0,0.0,0.0,1.0,0.0,0.0,0.0,0.0,0.0,Carl Zeiss Jena,80.0,31.0,0.0,0.0,0.0,0.0,0.0,0.0,4.6
1325,2022,0.0,0.0,0.0,0.0,0.0,0.0,864345,2.0,27.1,0.0,0.0,0.0,0.0,0.0,0.0,1.0,0.0,0.0,0.0,0.0,0.0,Carl Zeiss Jena,80.0,30.0,0.0,0.0,0.0,0.0,0.0,0.0,6.8
1326,2013,0.0,0.0,0.0,0.0,0.0,0.0,559910,1.0,26.8,0.0,0.0,0.0,0.0,0.0,0.0,1.0,0.0,0.0,0.0,0.0,0.0,Fortuna Koln,80.0,29.0,0.0,0.0,0.0,0.0,0.0,0.0,6.78
1327,2012,0.0,0.0,0.0,0.0,0.0,0.0,559986,7.0,26.6,1.0,0.0,0.0,0.0,0.0,0.0,1.0,1.0,0.0,0.0,0.0,0.0,VfR Aalen,27.0,26.0,1.0,0.0,0.0,0.0,0.0,0.0,11.7
1327,2013,188.0,403.0,0.0,0.0,0.0,0.0,559915,8.0,26.6,1.0,0.0,0.0,0.0,0.0,0.0,0.0,0.0,0.0,0.0,0.0,0.0,VfR Aalen,29.0,28.0,1.0,0.0,0.0,0.0,0.0,0.0,10.55
1327,2014,435.0,0.0,0.0,0.0,0.0,0.0,559858,8.0,25.6,1.0,0.0,0.0,0.0,0.0,0.0,0.0,1.0,1.0,0.0,0.0,0.0,VfR Aalen,36.0,33.0,1.0,1.0,0.0,0.0,0.0,0.0,12.7
1327,2015,0.0,0.0,0.0,0.0,0.0,0.0,559805,6.0,24.7,0.0,0.0,0.0,0.0,0.0,0.0,1.0,0.0,0.0,0.0,0.0,0.0,VfR Aalen,51.0,25.0,0.0,0.0,0.0,0.0,0.0,0.0,5.38
1328,2012,0.0,0.0,0.0,0.0,0.0,0.0,559996,4.0,24.1,0.0,0.0,0.0,0.0,0.0,0.0,1.0,0.0,0.0,0.0,0.0,0.0,Chemnitzer FC,42.0,30.0,0.0,0.0,0.0,0.0,0.0,0.0,5.85
1328,2014,0.0,0.0,0.0,0.0,0.0,0.0,559840,3.0,24.6,0.0,0.0,0.0,0.0,0.0,0.0,1.0,1.0,0.0,0.0,0.0,0.0,Chemnitzer FC,41.0,27.0,1.0,0.0,0.0,0.0,0.0,0.0,6.53
1328,2015,0.0,0.0,0.0,0.0,0.0,0.0,559793,4.0,24.7,0.0,0.0,0.0,0.0,0.0,0.0,1.0,0.0,0.0,0.0,0.0,0.0,Chemnitzer FC,42.0,34.0,0.0,0.0,0.0,0.0,0.0,0.0,7.2
1328,2017,0.0,0.0,0.0,0.0,0.0,0.0,57450,3.0,24.2,0.0,0.0,0.0,0.0,0.0,0.0,1.0,0.0,0.0,0.0,0.0,0.0,Chemnitzer FC,54.0,30.0,0.0,0.0,0.0,0.0,0.0,0.0,4.93
1328,2019,0.0,0.0,0.0,0.0,0.0,0.0,169047,1.0,26.6,0.0,0.0,0.0,0.0,0.0,0.0,1.0,0.0,0.0,0.0,0.0,0.0,Chemnitzer FC,53.0,28.0,0.0,0.0,0.0,0.0,0.0,0.0,6.05
1328,2020,0.0,0.0,0.0,0.0,0.0,0.0,609073,7.375,24.974999999999998,0.0,0.0,0.0,0.0,0.0,0.0,1.0,0.0,0.0,0.0,0.0,0.0,Chemnitzer FC,80.0,34.0,0.0,0.0,0.0,0.0,0.0,0.0,7.5337499999999995
1328,2022,0.0,0.0,0.0,0.0,0.0,0.0,864326,2.0,27.1,0.0,0.0,0.0,0.0,0.0,0.0,1.0,0.0,0.0,0.0,0.0,0.0,Chemnitzer FC,80.0,30.0,0.0,0.0,0.0,0.0,0.0,0.0,6.8
1329,2017,0.0,0.0,0.0,0.0,0.0,0.0,57449,9.0,23.9,0.0,0.0,0.0,0.0,0.0,0.0,1.0,0.0,0.0,0.0,0.0,0.0,Rot-weiss Erfurt,56.0,35.0,0.0,0.0,0.0,0.0,0.0,0.0,4.75
1332,2012,137.0,295.0,0.0,0.0,0.0,0.0,559966,12.0,24.0,1.0,0.0,0.0,0.0,0.0,0.0,0.0,0.0,0.0,0.0,0.0,0.0,FSV Frankfurt,22.0,33.0,1.0,0.0,0.0,0.0,0.0,0.0,14.5
1332,2013,373.0,0.0,0.0,0.0,0.0,0.0,559925,13.0,25.2,1.0,0.0,0.0,0.0,0.0,0.0,0.0,1.0,0.0,0.0,0.0,0.0,FSV Frankfurt,31.0,29.0,1.0,0.0,0.0,0.0,0.0,0.0,13.0
1332,2014,95.0,96.0,0.0,0.0,0.0,0.0,559854,14.0,26.2,1.0,0.0,0.0,0.0,0.0,0.0,0.0,0.0,0.0,0.0,0.0,0.0,FSV Frankfurt,31.0,31.0,1.0,0.0,0.0,0.0,0.0,0.0,12.5
1332,2015,426.0,0.0,0.0,0.0,0.0,0.0,559776,18.0,24.8,1.0,0.0,0.0,0.0,0.0,0.0,0.0,1.0,0.0,0.0,0.0,0.0,FSV Frankfurt,35.0,32.0,1.0,0.0,0.0,0.0,0.0,0.0,14.45
1332,2016,0.0,0.0,0.0,0.0,0.0,0.0,57396,7.0,25.3,0.0,0.0,0.0,0.0,0.0,0.0,1.0,0.0,0.0,0.0,0.0,0.0,FSV Frankfurt,56.0,31.0,0.0,0.0,0.0,0.0,0.0,0.0,5.1
1620,2014,0.0,0.0,0.0,0.0,0.0,0.0,559846,1.0,27.3,0.0,0.0,0.0,0.0,0.0,0.0,1.0,0.0,0.0,0.0,0.0,0.0,FC Viktoria Koln,80.0,27.0,0.0,0.0,0.0,0.0,0.0,0.0,5.4
1620,2015,0.0,0.0,0.0,0.0,0.0,0.0,559779,4.0,26.4,0.0,0.0,0.0,0.0,0.0,0.0,1.0,1.0,0.0,0.0,0.0,0.0,FC Viktoria Koln,80.0,28.0,1.0,0.0,0.0,0.0,0.0,0.0,5.85
1620,2016,0.0,0.0,0.0,0.0,0.0,0.0,57340,4.0,26.7,0.0,0.0,0.0,0.0,0.0,0.0,1.0,0.0,0.0,0.0,0.0,0.0,FC Viktoria Koln,80.0,28.0,0.0,0.0,0.0,0.0,0.0,0.0,5.95
1620,2018,0.0,0.0,0.0,0.0,0.0,0.0,57488,6.0,25.8,0.0,0.0,0.0,0.0,0.0,0.0,1.0,0.0,0.0,0.0,0.0,0.0,FC Viktoria Koln,80.0,30.0,0.0,0.0,0.0,0.0,0.0,0.0,5.23
1620,2021,0.0,0.0,0.0,0.0,0.0,0.0,723343,6.0,23.5,0.0,0.0,0.0,0.0,0.0,0.0,1.0,0.0,0.0,0.0,0.0,0.0,FC Viktoria Koln,49.0,41.0,0.0,0.0,0.0,0.0,0.0,0.0,6.98
1620,2022,0.0,0.0,0.0,0.0,0.0,0.0,864347,2.0,24.7,0.0,0.0,0.0,0.0,0.0,0.0,1.0,0.0,0.0,0.0,0.0,0.0,FC Viktoria Koln,45.0,35.0,0.0,0.0,0.0,0.0,0.0,0.0,7.08
1621,2012,0.0,0.0,0.0,0.0,0.0,0.0,559995,0.0,27.0,0.0,0.0,0.0,0.0,0.0,0.0,1.0,0.0,0.0,0.0,0.0,0.0,Rot-weiss Essen,80.0,26.0,0.0,0.0,0.0,0.0,0.0,0.0,5.18
1621,2015,0.0,0.0,0.0,0.0,0.0,0.0,559796,4.0,26.4,0.0,0.0,0.0,0.0,0.0,0.0,1.0,0.0,0.0,0.0,0.0,0.0,Rot-weiss Essen,80.0,28.0,0.0,0.0,0.0,0.0,0.0,0.0,5.85
1621,2016,0.0,0.0,0.0,0.0,0.0,0.0,57343,4.0,26.7,0.0,0.0,0.0,0.0,0.0,0.0,1.0,0.0,0.0,0.0,0.0,0.0,Rot-weiss Essen,80.0,28.0,0.0,0.0,0.0,0.0,0.0,0.0,5.95
1621,2017,0.0,0.0,0.0,0.0,0.0,0.0,57460,2.0,26.3,0.0,0.0,0.0,0.0,0.0,0.0,1.0,0.0,0.0,0.0,0.0,0.0,Rot-weiss Essen,80.0,27.0,0.0,0.0,0.0,0.0,0.0,0.0,4.75
1621,2020,0.0,0.0,0.0,0.0,0.0,0.0,675015,4.0,25.9,0.0,0.0,0.0,0.0,0.0,0.0,1.0,1.0,1.0,1.0,0.0,0.0,Rot-weiss Essen,80.0,28.0,1.0,1.0,1.0,0.0,0.0,0.0,6.08
1625,2012,0.0,0.0,0.0,0.0,0.0,0.0,559967,0.0,27.0,0.0,0.0,0.0,0.0,0.0,0.0,1.0,0.0,0.0,0.0,0.0,0.0,VfB Lubeck,80.0,26.0,0.0,0.0,0.0,0.0,0.0,0.0,5.18
1625,2015,0.0,0.0,0.0,0.0,0.0,0.0,559795,4.0,26.4,0.0,0.0,0.0,0.0,0.0,0.0,1.0,0.0,0.0,0.0,0.0,0.0,VfB Lubeck,80.0,28.0,0.0,0.0,0.0,0.0,0.0,0.0,5.85
1625,2016,0.0,0.0,0.0,0.0,0.0,0.0,57348,4.0,26.7,0.0,0.0,0.0,0.0,0.0,0.0,1.0,0.0,0.0,0.0,0.0,0.0,VfB Lubeck,80.0,28.0,0.0,0.0,0.0,0.0,0.0,0.0,5.95
1625,2019,0.0,0.0,0.0,0.0,0.0,0.0,169064,1.0,26.6,0.0,0.0,0.0,0.0,0.0,0.0,1.0,0.0,0.0,0.0,0.0,0.0,VfB Lubeck,80.0,28.0,0.0,0.0,0.0,0.0,0.0,0.0,6.05
1625,2022,0.0,0.0,0.0,0.0,0.0,0.0,958518,2.0,27.1,0.0,0.0,0.0,0.0,0.0,0.0,1.0,1.0,0.0,0.0,0.0,0.0,VfB Lubeck,80.0,30.0,1.0,0.0,0.0,0.0,0.0,0.0,6.8
1628,2012,0.0,0.0,0.0,0.0,0.0,0.0,559980,3.0,24.8,0.0,0.0,0.0,0.0,0.0,0.0,1.0,1.0,1.0,1.0,0.0,0.0,Kickers Offenbach,51.0,29.0,1.0,1.0,1.0,0.0,0.0,0.0,6.48
1628,2014,0.0,0.0,0.0,0.0,0.0,0.0,559870,1.0,27.3,0.0,0.0,0.0,0.0,0.0,0.0,1.0,1.0,1.0,0.0,0.0,0.0,Kickers Offenbach,80.0,27.0,1.0,1.0,0.0,0.0,0.0,0.0,5.4
1628,2016,0.0,0.0,0.0,0.0,0.0,0.0,57382,4.0,26.7,0.0,0.0,0.0,0.0,0.0,0.0,1.0,0.0,0.0,0.0,0.0,0.0,Kickers Offenbach,80.0,28.0,0.0,0.0,0.0,0.0,0.0,0.0,5.95
1628,2022,0.0,0.0,0.0,0.0,0.0,0.0,864332,2.0,27.1,0.0,0.0,0.0,0.0,0.0,0.0,1.0,0.0,0.0,0.0,0.0,0.0,Kickers Offenbach,80.0,30.0,0.0,0.0,0.0,0.0,0.0,0.0,6.8
1639,2012,0.0,0.0,0.0,0.0,0.0,0.0,559988,4.0,24.8,0.0,0.0,0.0,0.0,0.0,0.0,1.0,0.0,0.0,0.0,0.0,0.0,FC Saarbrucken,47.0,29.0,0.0,0.0,0.0,0.0,0.0,0.0,5.18
1639,2013,0.0,0.0,0.0,0.0,0.0,0.0,559919,5.0,25.1,0.0,0.0,0.0,0.0,0.0,0.0,1.0,1.0,1.0,0.0,0.0,0.0,FC Saarbrucken,56.0,41.0,1.0,1.0,0.0,0.0,0.0,0.0,6.88
1639,2017,0.0,0.0,0.0,0.0,0.0,0.0,57440,2.0,26.3,0.0,0.0,0.0,0.0,0.0,0.0,1.0,0.0,0.0,0.0,0.0,0.0,FC Saarbrucken,80.0,27.0,0.0,0.0,0.0,0.0,0.0,0.0,4.75
1639,2019,0.0,0.0,0.0,0.0,0.0,0.0,354883,1.0,26.6,0.0,0.0,0.0,0.0,0.0,0.0,1.0,1.0,1.0,1.0,1.0,0.0,FC Saarbrucken,80.0,28.0,1.0,1.0,1.0,1.0,0.0,0.0,6.05
1648,2017,0.0,0.0,0.0,0.0,0.0,0.0,57461,2.0,26.3,0.0,0.0,0.0,0.0,0.0,0.0,1.0,0.0,0.0,0.0,0.0,0.0,TuS Koblenz,80.0,27.0,0.0,0.0,0.0,0.0,0.0,0.0,4.75
1657,2018,0.0,0.0,0.0,0.0,0.0,0.0,57492,6.0,25.8,0.0,0.0,0.0,0.0,0.0,0.0,1.0,0.0,0.0,0.0,0.0,0.0,TuS RW Koblenz,80.0,30.0,0.0,0.0,0.0,0.0,0.0,0.0,5.23
1657,2021,0.0,0.0,0.0,0.0,0.0,0.0,723360,1.0,26.4,0.0,0.0,0.0,0.0,0.0,0.0,1.0,0.0,0.0,0.0,0.0,0.0,TuS RW Koblenz,80.0,31.0,0.0,0.0,0.0,0.0,0.0,0.0,4.6
1658,2018,0.0,0.0,0.0,0.0,0.0,0.0,57496,6.0,25.8,0.0,0.0,0.0,0.0,0.0,0.0,1.0,0.0,0.0,0.0,0.0,0.0,Rot-weiss Oberhausen,80.0,30.0,0.0,0.0,0.0,0.0,0.0,0.0,5.23
1660,2015,0.0,0.0,0.0,0.0,0.0,0.0,559778,4.0,26.4,0.0,0.0,0.0,0.0,0.0,0.0,1.0,0.0,0.0,0.0,0.0,0.0,SV Elversberg,80.0,28.0,0.0,0.0,0.0,0.0,0.0,0.0,5.85
1660,2018,0.0,0.0,0.0,0.0,0.0,0.0,57502,6.0,25.8,0.0,0.0,0.0,0.0,0.0,0.0,1.0,0.0,0.0,0.0,0.0,0.0,SV Elversberg,80.0,30.0,0.0,0.0,0.0,0.0,0.0,0.0,5.23
1660,2020,0.0,0.0,0.0,0.0,0.0,0.0,646342,4.0,25.9,0.0,0.0,0.0,0.0,0.0,0.0,1.0,1.0,0.0,0.0,0.0,0.0,SV Elversberg,80.0,28.0,1.0,0.0,0.0,0.0,0.0,0.0,6.08
1660,2021,0.0,0.0,0.0,0.0,0.0,0.0,723347,1.0,26.4,0.0,0.0,0.0,0.0,0.0,0.0,1.0,0.0,0.0,0.0,0.0,0.0,SV Elversberg,80.0,31.0,0.0,0.0,0.0,0.0,0.0,0.0,4.6
1660,2022,0.0,0.0,0.0,0.0,0.0,0.0,958520,2.0,27.1,0.0,0.0,0.0,0.0,0.0,0.0,1.0,1.0,0.0,0.0,0.0,0.0,SV Elversberg,37.0,30.0,1.0,0.0,0.0,0.0,0.0,0.0,6.8
4259,2012,0.0,0.0,0.0,0.0,0.0,0.0,559975,8.0,24.4,0.0,0.0,0.0,0.0,0.0,0.0,1.0,0.0,0.0,0.0,0.0,0.0,Alemannia Aachen,56.0,39.0,0.0,0.0,0.0,0.0,0.0,0.0,5.5
4259,2019,0.0,0.0,0.0,0.0,0.0,0.0,169049,1.0,26.6,0.0,0.0,0.0,0.0,0.0,0.0,1.0,0.0,0.0,0.0,0.0,0.0,Alemannia Aachen,80.0,28.0,0.0,0.0,0.0,0.0,0.0,0.0,6.05
4268,2019,0.0,0.0,0.0,0.0,0.0,0.0,169048,1.0,26.6,0.0,0.0,0.0,0.0,0.0,0.0,1.0,0.0,0.0,0.0,0.0,0.0,Waldhof Mannheim,45.0,28.0,0.0,0.0,0.0,0.0,0.0,0.0,6.05
4268,2020,0.0,0.0,0.0,0.0,0.0,0.0,609081,6.0,24.4,0.0,0.0,0.0,0.0,0.0,0.0,1.0,0.0,0.0,0.0,0.0,0.0,Waldhof Mannheim,44.0,34.0,0.0,0.0,0.0,0.0,0.0,0.0,6.4
4268,2021,0.0,0.0,0.0,0.0,0.0,0.0,788037,4.0,24.9,0.0,0.0,0.0,0.0,0.0,0.0,1.0,1.0,0.0,0.0,0.0,0.0,Waldhof Mannheim,41.0,35.0,1.0,0.0,0.0,0.0,0.0,0.0,6.13
4268,2022,0.0,0.0,0.0,0.0,0.0,0.0,958521,6.0,25.4,0.0,0.0,0.0,0.0,0.0,0.0,1.0,1.0,0.0,0.0,0.0,0.0,Waldhof Mannheim,43.0,34.0,1.0,0.0,0.0,0.0,0.0,0.0,6.8
9342,2012,0.0,0.0,0.0,0.0,0.0,0.0,559985,0.0,27.0,0.0,0.0,0.0,0.0,0.0,0.0,1.0,1.0,0.0,0.0,0.0,0.0,Havelse,80.0,26.0,1.0,0.0,0.0,0.0,0.0,0.0,5.18
9342,2020,0.0,0.0,0.0,0.0,0.0,0.0,609062,4.0,25.9,0.0,0.0,0.0,0.0,0.0,0.0,1.0,0.0,0.0,0.0,0.0,0.0,Havelse,80.0,28.0,0.0,0.0,0.0,0.0,0.0,0.0,6.08
12868,2014,0.0,0.0,0.0,0.0,0.0,0.0,559844,7.0,24.5,0.0,0.0,0.0,0.0,0.0,0.0,1.0,0.0,0.0,0.0,0.0,0.0,Stuttgarter Kickers,40.0,29.0,0.0,0.0,0.0,0.0,0.0,0.0,5.4
12868,2015,0.0,0.0,0.0,0.0,0.0,0.0,559782,10.0,25.0,0.0,0.0,0.0,0.0,0.0,0.0,1.0,0.0,0.0,0.0,0.0,0.0,Stuttgarter Kickers,54.0,35.0,0.0,0.0,0.0,0.0,0.0,0.0,6.48
12868,2022,0.0,0.0,0.0,0.0,0.0,0.0,958519,2.0,27.1,0.0,0.0,0.0,0.0,0.0,0.0,1.0,1.0,0.0,0.0,0.0,0.0,Stuttgarter Kickers,80.0,30.0,1.0,0.0,0.0,0.0,0.0,0.0,6.8
12888,2021,0.0,0.0,0.0,0.0,0.0,0.0,723363,1.0,26.4,0.0,0.0,0.0,0.0,0.0,0.0,1.0,0.0,0.0,0.0,0.0,0.0,VfL Oldenburg,80.0,31.0,0.0,0.0,0.0,0.0,0.0,0.0,4.6
